mode,flags,alg,materialize,threads,size_r,size_s,init_core,dynamic_enclave,mitigation,measurement,value
native,UNROLL FORCE_2_PHASES,RHO,False,16,13107200.0,52428800.0,0,False,False,throughput,1478.4
native,UNROLL FORCE_2_PHASES,RHO,False,16,13107200.0,52428800.0,0,False,False,total,128556872
native,UNROLL FORCE_2_PHASES,RHO,False,16,13107200.0,52428800.0,0,False,False,partition,99651480
native,UNROLL FORCE_2_PHASES,RHO,False,16,13107200.0,52428800.0,0,False,False,partition_1,49594792
native,UNROLL FORCE_2_PHASES,RHO,False,16,13107200.0,52428800.0,0,False,False,partition_r,16116564
native,UNROLL FORCE_2_PHASES,RHO,False,16,13107200.0,52428800.0,0,False,False,partition_s,33368662
native,UNROLL FORCE_2_PHASES,RHO,False,16,13107200.0,52428800.0,0,False,False,partition_2,50055706
native,UNROLL FORCE_2_PHASES,RHO,False,16,13107200.0,52428800.0,0,False,False,partition_2_h,16634810
native,UNROLL FORCE_2_PHASES,RHO,False,16,13107200.0,52428800.0,0,False,False,partition_2_c,33405406
native,UNROLL FORCE_2_PHASES,RHO,False,16,13107200.0,52428800.0,0,False,False,join_total,28904664
native,UNROLL FORCE_2_PHASES,RHO,False,16,13107200.0,52428800.0,0,False,False,build,6875320
native,UNROLL FORCE_2_PHASES,RHO,False,16,13107200.0,52428800.0,0,False,False,probe,23014858
native,UNROLL FORCE_2_PHASES,RHO,False,16,13107200.0,52428800.0,0,False,False,throughput,1471.99
native,UNROLL FORCE_2_PHASES,RHO,False,16,13107200.0,52428800.0,0,False,False,total,129116108
native,UNROLL FORCE_2_PHASES,RHO,False,16,13107200.0,52428800.0,0,False,False,partition,99891282
native,UNROLL FORCE_2_PHASES,RHO,False,16,13107200.0,52428800.0,0,False,False,partition_1,49940836
native,UNROLL FORCE_2_PHASES,RHO,False,16,13107200.0,52428800.0,0,False,False,partition_r,16077916
native,UNROLL FORCE_2_PHASES,RHO,False,16,13107200.0,52428800.0,0,False,False,partition_s,33575964
native,UNROLL FORCE_2_PHASES,RHO,False,16,13107200.0,52428800.0,0,False,False,partition_2,49949188
native,UNROLL FORCE_2_PHASES,RHO,False,16,13107200.0,52428800.0,0,False,False,partition_2_h,16654804
native,UNROLL FORCE_2_PHASES,RHO,False,16,13107200.0,52428800.0,0,False,False,partition_2_c,33338732
native,UNROLL FORCE_2_PHASES,RHO,False,16,13107200.0,52428800.0,0,False,False,join_total,29224450
native,UNROLL FORCE_2_PHASES,RHO,False,16,13107200.0,52428800.0,0,False,False,build,7074902
native,UNROLL FORCE_2_PHASES,RHO,False,16,13107200.0,52428800.0,0,False,False,probe,23885156
native,UNROLL FORCE_2_PHASES,RHO,False,16,13107200.0,52428800.0,0,False,False,throughput,1492.75
native,UNROLL FORCE_2_PHASES,RHO,False,16,13107200.0,52428800.0,0,False,False,total,127320652
native,UNROLL FORCE_2_PHASES,RHO,False,16,13107200.0,52428800.0,0,False,False,partition,99708456
native,UNROLL FORCE_2_PHASES,RHO,False,16,13107200.0,52428800.0,0,False,False,partition_1,49677236
native,UNROLL FORCE_2_PHASES,RHO,False,16,13107200.0,52428800.0,0,False,False,partition_r,16199750
native,UNROLL FORCE_2_PHASES,RHO,False,16,13107200.0,52428800.0,0,False,False,partition_s,33347526
native,UNROLL FORCE_2_PHASES,RHO,False,16,13107200.0,52428800.0,0,False,False,partition_2,50030510
native,UNROLL FORCE_2_PHASES,RHO,False,16,13107200.0,52428800.0,0,False,False,partition_2_h,16778860
native,UNROLL FORCE_2_PHASES,RHO,False,16,13107200.0,52428800.0,0,False,False,partition_2_c,33365656
native,UNROLL FORCE_2_PHASES,RHO,False,16,13107200.0,52428800.0,0,False,False,join_total,27611190
native,UNROLL FORCE_2_PHASES,RHO,False,16,13107200.0,52428800.0,0,False,False,build,5624402
native,UNROLL FORCE_2_PHASES,RHO,False,16,13107200.0,52428800.0,0,False,False,probe,21574036
native,UNROLL FORCE_2_PHASES,RHO,False,16,13107200.0,52428800.0,0,False,False,throughput,1495.71
native,UNROLL FORCE_2_PHASES,RHO,False,16,13107200.0,52428800.0,0,False,False,total,127069206
native,UNROLL FORCE_2_PHASES,RHO,False,16,13107200.0,52428800.0,0,False,False,partition,99519838
native,UNROLL FORCE_2_PHASES,RHO,False,16,13107200.0,52428800.0,0,False,False,partition_1,49600326
native,UNROLL FORCE_2_PHASES,RHO,False,16,13107200.0,52428800.0,0,False,False,partition_r,16274934
native,UNROLL FORCE_2_PHASES,RHO,False,16,13107200.0,52428800.0,0,False,False,partition_s,33234420
native,UNROLL FORCE_2_PHASES,RHO,False,16,13107200.0,52428800.0,0,False,False,partition_2,49918354
native,UNROLL FORCE_2_PHASES,RHO,False,16,13107200.0,52428800.0,0,False,False,partition_2_h,16616686
native,UNROLL FORCE_2_PHASES,RHO,False,16,13107200.0,52428800.0,0,False,False,partition_2_c,33428864
native,UNROLL FORCE_2_PHASES,RHO,False,16,13107200.0,52428800.0,0,False,False,join_total,27549070
native,UNROLL FORCE_2_PHASES,RHO,False,16,13107200.0,52428800.0,0,False,False,build,7226296
native,UNROLL FORCE_2_PHASES,RHO,False,16,13107200.0,52428800.0,0,False,False,probe,22185280
native,UNROLL FORCE_2_PHASES,RHO,False,16,13107200.0,52428800.0,0,False,False,throughput,1486.41
native,UNROLL FORCE_2_PHASES,RHO,False,16,13107200.0,52428800.0,0,False,False,total,127862924
native,UNROLL FORCE_2_PHASES,RHO,False,16,13107200.0,52428800.0,0,False,False,partition,99765266
native,UNROLL FORCE_2_PHASES,RHO,False,16,13107200.0,52428800.0,0,False,False,partition_1,49800458
native,UNROLL FORCE_2_PHASES,RHO,False,16,13107200.0,52428800.0,0,False,False,partition_r,16169072
native,UNROLL FORCE_2_PHASES,RHO,False,16,13107200.0,52428800.0,0,False,False,partition_s,33419038
native,UNROLL FORCE_2_PHASES,RHO,False,16,13107200.0,52428800.0,0,False,False,partition_2,49963650
native,UNROLL FORCE_2_PHASES,RHO,False,16,13107200.0,52428800.0,0,False,False,partition_2_h,16539554
native,UNROLL FORCE_2_PHASES,RHO,False,16,13107200.0,52428800.0,0,False,False,partition_2_c,33463710
native,UNROLL FORCE_2_PHASES,RHO,False,16,13107200.0,52428800.0,0,False,False,join_total,28097000
native,UNROLL FORCE_2_PHASES,RHO,False,16,13107200.0,52428800.0,0,False,False,build,6605268
native,UNROLL FORCE_2_PHASES,RHO,False,16,13107200.0,52428800.0,0,False,False,probe,22386946
native,UNROLL FORCE_2_PHASES,RHO,False,16,13107200.0,52428800.0,0,False,False,throughput,1502.74
native,UNROLL FORCE_2_PHASES,RHO,False,16,13107200.0,52428800.0,0,False,False,total,126474294
native,UNROLL FORCE_2_PHASES,RHO,False,16,13107200.0,52428800.0,0,False,False,partition,99725036
native,UNROLL FORCE_2_PHASES,RHO,False,16,13107200.0,52428800.0,0,False,False,partition_1,49741458
native,UNROLL FORCE_2_PHASES,RHO,False,16,13107200.0,52428800.0,0,False,False,partition_r,16360486
native,UNROLL FORCE_2_PHASES,RHO,False,16,13107200.0,52428800.0,0,False,False,partition_s,33336542
native,UNROLL FORCE_2_PHASES,RHO,False,16,13107200.0,52428800.0,0,False,False,partition_2,49982616
native,UNROLL FORCE_2_PHASES,RHO,False,16,13107200.0,52428800.0,0,False,False,partition_2_h,16610510
native,UNROLL FORCE_2_PHASES,RHO,False,16,13107200.0,52428800.0,0,False,False,partition_2_c,33377436
native,UNROLL FORCE_2_PHASES,RHO,False,16,13107200.0,52428800.0,0,False,False,join_total,26748832
native,UNROLL FORCE_2_PHASES,RHO,False,16,13107200.0,52428800.0,0,False,False,build,5785202
native,UNROLL FORCE_2_PHASES,RHO,False,16,13107200.0,52428800.0,0,False,False,probe,20937016
native,UNROLL FORCE_2_PHASES,RHO,False,16,13107200.0,52428800.0,0,False,False,throughput,1497.32
native,UNROLL FORCE_2_PHASES,RHO,False,16,13107200.0,52428800.0,0,False,False,total,126932286
native,UNROLL FORCE_2_PHASES,RHO,False,16,13107200.0,52428800.0,0,False,False,partition,99468220
native,UNROLL FORCE_2_PHASES,RHO,False,16,13107200.0,52428800.0,0,False,False,partition_1,49520124
native,UNROLL FORCE_2_PHASES,RHO,False,16,13107200.0,52428800.0,0,False,False,partition_r,16112692
native,UNROLL FORCE_2_PHASES,RHO,False,16,13107200.0,52428800.0,0,False,False,partition_s,33255000
native,UNROLL FORCE_2_PHASES,RHO,False,16,13107200.0,52428800.0,0,False,False,partition_2,49947272
native,UNROLL FORCE_2_PHASES,RHO,False,16,13107200.0,52428800.0,0,False,False,partition_2_h,16582272
native,UNROLL FORCE_2_PHASES,RHO,False,16,13107200.0,52428800.0,0,False,False,partition_2_c,33426068
native,UNROLL FORCE_2_PHASES,RHO,False,16,13107200.0,52428800.0,0,False,False,join_total,27463072
native,UNROLL FORCE_2_PHASES,RHO,False,16,13107200.0,52428800.0,0,False,False,build,6198628
native,UNROLL FORCE_2_PHASES,RHO,False,16,13107200.0,52428800.0,0,False,False,probe,21685074
native,UNROLL FORCE_2_PHASES,RHO,False,16,13107200.0,52428800.0,0,False,False,throughput,1489.73
native,UNROLL FORCE_2_PHASES,RHO,False,16,13107200.0,52428800.0,0,False,False,total,127579190
native,UNROLL FORCE_2_PHASES,RHO,False,16,13107200.0,52428800.0,0,False,False,partition,99736748
native,UNROLL FORCE_2_PHASES,RHO,False,16,13107200.0,52428800.0,0,False,False,partition_1,49634894
native,UNROLL FORCE_2_PHASES,RHO,False,16,13107200.0,52428800.0,0,False,False,partition_r,16152346
native,UNROLL FORCE_2_PHASES,RHO,False,16,13107200.0,52428800.0,0,False,False,partition_s,33381022
native,UNROLL FORCE_2_PHASES,RHO,False,16,13107200.0,52428800.0,0,False,False,partition_2,50100860
native,UNROLL FORCE_2_PHASES,RHO,False,16,13107200.0,52428800.0,0,False,False,partition_2_h,16678070
native,UNROLL FORCE_2_PHASES,RHO,False,16,13107200.0,52428800.0,0,False,False,partition_2_c,33308558
native,UNROLL FORCE_2_PHASES,RHO,False,16,13107200.0,52428800.0,0,False,False,join_total,27841590
native,UNROLL FORCE_2_PHASES,RHO,False,16,13107200.0,52428800.0,0,False,False,build,7507188
native,UNROLL FORCE_2_PHASES,RHO,False,16,13107200.0,52428800.0,0,False,False,probe,22325922
native,UNROLL FORCE_2_PHASES,RHO,False,16,13107200.0,52428800.0,0,False,False,throughput,1498.72
native,UNROLL FORCE_2_PHASES,RHO,False,16,13107200.0,52428800.0,0,False,False,total,126812414
native,UNROLL FORCE_2_PHASES,RHO,False,16,13107200.0,52428800.0,0,False,False,partition,99471826
native,UNROLL FORCE_2_PHASES,RHO,False,16,13107200.0,52428800.0,0,False,False,partition_1,49610178
native,UNROLL FORCE_2_PHASES,RHO,False,16,13107200.0,52428800.0,0,False,False,partition_r,16185410
native,UNROLL FORCE_2_PHASES,RHO,False,16,13107200.0,52428800.0,0,False,False,partition_s,33313026
native,UNROLL FORCE_2_PHASES,RHO,False,16,13107200.0,52428800.0,0,False,False,partition_2,49860664
native,UNROLL FORCE_2_PHASES,RHO,False,16,13107200.0,52428800.0,0,False,False,partition_2_h,16558402
native,UNROLL FORCE_2_PHASES,RHO,False,16,13107200.0,52428800.0,0,False,False,partition_2_c,33350452
native,UNROLL FORCE_2_PHASES,RHO,False,16,13107200.0,52428800.0,0,False,False,join_total,27340144
native,UNROLL FORCE_2_PHASES,RHO,False,16,13107200.0,52428800.0,0,False,False,build,7334274
native,UNROLL FORCE_2_PHASES,RHO,False,16,13107200.0,52428800.0,0,False,False,probe,21709848
native,UNROLL FORCE_2_PHASES,RHO,False,16,13107200.0,52428800.0,0,False,False,throughput,1495.13
native,UNROLL FORCE_2_PHASES,RHO,False,16,13107200.0,52428800.0,0,False,False,total,127117576
native,UNROLL FORCE_2_PHASES,RHO,False,16,13107200.0,52428800.0,0,False,False,partition,99607898
native,UNROLL FORCE_2_PHASES,RHO,False,16,13107200.0,52428800.0,0,False,False,partition_1,49651488
native,UNROLL FORCE_2_PHASES,RHO,False,16,13107200.0,52428800.0,0,False,False,partition_r,16233268
native,UNROLL FORCE_2_PHASES,RHO,False,16,13107200.0,52428800.0,0,False,False,partition_s,33313746
native,UNROLL FORCE_2_PHASES,RHO,False,16,13107200.0,52428800.0,0,False,False,partition_2,49956108
native,UNROLL FORCE_2_PHASES,RHO,False,16,13107200.0,52428800.0,0,False,False,partition_2_h,16699434
native,UNROLL FORCE_2_PHASES,RHO,False,16,13107200.0,52428800.0,0,False,False,partition_2_c,33319528
native,UNROLL FORCE_2_PHASES,RHO,False,16,13107200.0,52428800.0,0,False,False,join_total,27508980
native,UNROLL FORCE_2_PHASES,RHO,False,16,13107200.0,52428800.0,0,False,False,build,7477884
native,UNROLL FORCE_2_PHASES,RHO,False,16,13107200.0,52428800.0,0,False,False,probe,22391318
native,UNROLL FORCE_2_PHASES,CRKJ,False,16,13107200.0,52428800.0,0,False,False,throughput,60.78
native,UNROLL FORCE_2_PHASES,CRKJ,False,16,13107200.0,52428800.0,0,False,False,throughput,60.73
native,UNROLL FORCE_2_PHASES,CRKJ,False,16,13107200.0,52428800.0,0,False,False,throughput,60.25
native,UNROLL FORCE_2_PHASES,CRKJ,False,16,13107200.0,52428800.0,0,False,False,throughput,60.42
native,UNROLL FORCE_2_PHASES,CRKJ,False,16,13107200.0,52428800.0,0,False,False,throughput,60.73
native,UNROLL FORCE_2_PHASES,CRKJ,False,16,13107200.0,52428800.0,0,False,False,throughput,60.81
native,UNROLL FORCE_2_PHASES,CRKJ,False,16,13107200.0,52428800.0,0,False,False,throughput,60.61
native,UNROLL FORCE_2_PHASES,CRKJ,False,16,13107200.0,52428800.0,0,False,False,throughput,60.54
native,UNROLL FORCE_2_PHASES,CRKJ,False,16,13107200.0,52428800.0,0,False,False,throughput,60.78
native,UNROLL FORCE_2_PHASES,CRKJ,False,16,13107200.0,52428800.0,0,False,False,throughput,60.77
native,UNROLL FORCE_2_PHASES,RHO,False,16,13107200.0,52428800.0,0,False,True,throughput,1467.51
native,UNROLL FORCE_2_PHASES,RHO,False,16,13107200.0,52428800.0,0,False,True,total,129508232
native,UNROLL FORCE_2_PHASES,RHO,False,16,13107200.0,52428800.0,0,False,True,partition,100919426
native,UNROLL FORCE_2_PHASES,RHO,False,16,13107200.0,52428800.0,0,False,True,partition_1,50582530
native,UNROLL FORCE_2_PHASES,RHO,False,16,13107200.0,52428800.0,0,False,True,partition_r,16804460
native,UNROLL FORCE_2_PHASES,RHO,False,16,13107200.0,52428800.0,0,False,True,partition_s,33693134
native,UNROLL FORCE_2_PHASES,RHO,False,16,13107200.0,52428800.0,0,False,True,partition_2,50336060
native,UNROLL FORCE_2_PHASES,RHO,False,16,13107200.0,52428800.0,0,False,True,partition_2_h,16574870
native,UNROLL FORCE_2_PHASES,RHO,False,16,13107200.0,52428800.0,0,False,True,partition_2_c,33750304
native,UNROLL FORCE_2_PHASES,RHO,False,16,13107200.0,52428800.0,0,False,True,join_total,28587410
native,UNROLL FORCE_2_PHASES,RHO,False,16,13107200.0,52428800.0,0,False,True,build,7052888
native,UNROLL FORCE_2_PHASES,RHO,False,16,13107200.0,52428800.0,0,False,True,probe,22318808
native,UNROLL FORCE_2_PHASES,RHO,False,16,13107200.0,52428800.0,0,False,True,throughput,1482.92
native,UNROLL FORCE_2_PHASES,RHO,False,16,13107200.0,52428800.0,0,False,True,total,128163728
native,UNROLL FORCE_2_PHASES,RHO,False,16,13107200.0,52428800.0,0,False,True,partition,100615120
native,UNROLL FORCE_2_PHASES,RHO,False,16,13107200.0,52428800.0,0,False,True,partition_1,50462190
native,UNROLL FORCE_2_PHASES,RHO,False,16,13107200.0,52428800.0,0,False,True,partition_r,16834116
native,UNROLL FORCE_2_PHASES,RHO,False,16,13107200.0,52428800.0,0,False,True,partition_s,33517514
native,UNROLL FORCE_2_PHASES,RHO,False,16,13107200.0,52428800.0,0,False,True,partition_2,50151778
native,UNROLL FORCE_2_PHASES,RHO,False,16,13107200.0,52428800.0,0,False,True,partition_2_h,16488478
native,UNROLL FORCE_2_PHASES,RHO,False,16,13107200.0,52428800.0,0,False,True,partition_2_c,33671210
native,UNROLL FORCE_2_PHASES,RHO,False,16,13107200.0,52428800.0,0,False,True,join_total,27548128
native,UNROLL FORCE_2_PHASES,RHO,False,16,13107200.0,52428800.0,0,False,True,build,5885638
native,UNROLL FORCE_2_PHASES,RHO,False,16,13107200.0,52428800.0,0,False,True,probe,22038876
native,UNROLL FORCE_2_PHASES,RHO,False,16,13107200.0,52428800.0,0,False,True,throughput,1482.14
native,UNROLL FORCE_2_PHASES,RHO,False,16,13107200.0,52428800.0,0,False,True,total,128231108
native,UNROLL FORCE_2_PHASES,RHO,False,16,13107200.0,52428800.0,0,False,True,partition,100900822
native,UNROLL FORCE_2_PHASES,RHO,False,16,13107200.0,52428800.0,0,False,True,partition_1,50741378
native,UNROLL FORCE_2_PHASES,RHO,False,16,13107200.0,52428800.0,0,False,True,partition_r,16909298
native,UNROLL FORCE_2_PHASES,RHO,False,16,13107200.0,52428800.0,0,False,True,partition_s,33752070
native,UNROLL FORCE_2_PHASES,RHO,False,16,13107200.0,52428800.0,0,False,True,partition_2,50158908
native,UNROLL FORCE_2_PHASES,RHO,False,16,13107200.0,52428800.0,0,False,True,partition_2_h,16613502
native,UNROLL FORCE_2_PHASES,RHO,False,16,13107200.0,52428800.0,0,False,True,partition_2_c,33670224
native,UNROLL FORCE_2_PHASES,RHO,False,16,13107200.0,52428800.0,0,False,True,join_total,27329740
native,UNROLL FORCE_2_PHASES,RHO,False,16,13107200.0,52428800.0,0,False,True,build,6339116
native,UNROLL FORCE_2_PHASES,RHO,False,16,13107200.0,52428800.0,0,False,True,probe,20946466
native,UNROLL FORCE_2_PHASES,RHO,False,16,13107200.0,52428800.0,0,False,True,throughput,1478.5
native,UNROLL FORCE_2_PHASES,RHO,False,16,13107200.0,52428800.0,0,False,True,total,128545988
native,UNROLL FORCE_2_PHASES,RHO,False,16,13107200.0,52428800.0,0,False,True,partition,100848742
native,UNROLL FORCE_2_PHASES,RHO,False,16,13107200.0,52428800.0,0,False,True,partition_1,50523874
native,UNROLL FORCE_2_PHASES,RHO,False,16,13107200.0,52428800.0,0,False,True,partition_r,16822706
native,UNROLL FORCE_2_PHASES,RHO,False,16,13107200.0,52428800.0,0,False,True,partition_s,33668852
native,UNROLL FORCE_2_PHASES,RHO,False,16,13107200.0,52428800.0,0,False,True,partition_2,50324188
native,UNROLL FORCE_2_PHASES,RHO,False,16,13107200.0,52428800.0,0,False,True,partition_2_h,16594066
native,UNROLL FORCE_2_PHASES,RHO,False,16,13107200.0,52428800.0,0,False,True,partition_2_c,33664094
native,UNROLL FORCE_2_PHASES,RHO,False,16,13107200.0,52428800.0,0,False,True,join_total,27696476
native,UNROLL FORCE_2_PHASES,RHO,False,16,13107200.0,52428800.0,0,False,True,build,5866176
native,UNROLL FORCE_2_PHASES,RHO,False,16,13107200.0,52428800.0,0,False,True,probe,21673928
native,UNROLL FORCE_2_PHASES,RHO,False,16,13107200.0,52428800.0,0,False,True,throughput,1483.72
native,UNROLL FORCE_2_PHASES,RHO,False,16,13107200.0,52428800.0,0,False,True,total,128095378
native,UNROLL FORCE_2_PHASES,RHO,False,16,13107200.0,52428800.0,0,False,True,partition,101007876
native,UNROLL FORCE_2_PHASES,RHO,False,16,13107200.0,52428800.0,0,False,True,partition_1,50669068
native,UNROLL FORCE_2_PHASES,RHO,False,16,13107200.0,52428800.0,0,False,True,partition_r,16868976
native,UNROLL FORCE_2_PHASES,RHO,False,16,13107200.0,52428800.0,0,False,True,partition_s,33695604
native,UNROLL FORCE_2_PHASES,RHO,False,16,13107200.0,52428800.0,0,False,True,partition_2,50338416
native,UNROLL FORCE_2_PHASES,RHO,False,16,13107200.0,52428800.0,0,False,True,partition_2_h,16498664
native,UNROLL FORCE_2_PHASES,RHO,False,16,13107200.0,52428800.0,0,False,True,partition_2_c,33893836
native,UNROLL FORCE_2_PHASES,RHO,False,16,13107200.0,52428800.0,0,False,True,join_total,27086544
native,UNROLL FORCE_2_PHASES,RHO,False,16,13107200.0,52428800.0,0,False,True,build,5759108
native,UNROLL FORCE_2_PHASES,RHO,False,16,13107200.0,52428800.0,0,False,True,probe,21338406
native,UNROLL FORCE_2_PHASES,RHO,False,16,13107200.0,52428800.0,0,False,True,throughput,1476.7
native,UNROLL FORCE_2_PHASES,RHO,False,16,13107200.0,52428800.0,0,False,True,total,128703388
native,UNROLL FORCE_2_PHASES,RHO,False,16,13107200.0,52428800.0,0,False,True,partition,100746798
native,UNROLL FORCE_2_PHASES,RHO,False,16,13107200.0,52428800.0,0,False,True,partition_1,50483560
native,UNROLL FORCE_2_PHASES,RHO,False,16,13107200.0,52428800.0,0,False,True,partition_r,16764096
native,UNROLL FORCE_2_PHASES,RHO,False,16,13107200.0,52428800.0,0,False,True,partition_s,33656420
native,UNROLL FORCE_2_PHASES,RHO,False,16,13107200.0,52428800.0,0,False,True,partition_2,50262366
native,UNROLL FORCE_2_PHASES,RHO,False,16,13107200.0,52428800.0,0,False,True,partition_2_h,16613280
native,UNROLL FORCE_2_PHASES,RHO,False,16,13107200.0,52428800.0,0,False,True,partition_2_c,33757180
native,UNROLL FORCE_2_PHASES,RHO,False,16,13107200.0,52428800.0,0,False,True,join_total,27955160
native,UNROLL FORCE_2_PHASES,RHO,False,16,13107200.0,52428800.0,0,False,True,build,8066138
native,UNROLL FORCE_2_PHASES,RHO,False,16,13107200.0,52428800.0,0,False,True,probe,21671036
native,UNROLL FORCE_2_PHASES,RHO,False,16,13107200.0,52428800.0,0,False,True,throughput,1464.39
native,UNROLL FORCE_2_PHASES,RHO,False,16,13107200.0,52428800.0,0,False,True,total,129785156
native,UNROLL FORCE_2_PHASES,RHO,False,16,13107200.0,52428800.0,0,False,True,partition,101186388
native,UNROLL FORCE_2_PHASES,RHO,False,16,13107200.0,52428800.0,0,False,True,partition_1,50779468
native,UNROLL FORCE_2_PHASES,RHO,False,16,13107200.0,52428800.0,0,False,True,partition_r,16959168
native,UNROLL FORCE_2_PHASES,RHO,False,16,13107200.0,52428800.0,0,False,True,partition_s,33601626
native,UNROLL FORCE_2_PHASES,RHO,False,16,13107200.0,52428800.0,0,False,True,partition_2,50406090
native,UNROLL FORCE_2_PHASES,RHO,False,16,13107200.0,52428800.0,0,False,True,partition_2_h,16552718
native,UNROLL FORCE_2_PHASES,RHO,False,16,13107200.0,52428800.0,0,False,True,partition_2_c,33825620
native,UNROLL FORCE_2_PHASES,RHO,False,16,13107200.0,52428800.0,0,False,True,join_total,28597924
native,UNROLL FORCE_2_PHASES,RHO,False,16,13107200.0,52428800.0,0,False,True,build,7088648
native,UNROLL FORCE_2_PHASES,RHO,False,16,13107200.0,52428800.0,0,False,True,probe,22920748
native,UNROLL FORCE_2_PHASES,RHO,False,16,13107200.0,52428800.0,0,False,True,throughput,1471.07
native,UNROLL FORCE_2_PHASES,RHO,False,16,13107200.0,52428800.0,0,False,True,total,129197860
native,UNROLL FORCE_2_PHASES,RHO,False,16,13107200.0,52428800.0,0,False,True,partition,100938432
native,UNROLL FORCE_2_PHASES,RHO,False,16,13107200.0,52428800.0,0,False,True,partition_1,50598428
native,UNROLL FORCE_2_PHASES,RHO,False,16,13107200.0,52428800.0,0,False,True,partition_r,16792470
native,UNROLL FORCE_2_PHASES,RHO,False,16,13107200.0,52428800.0,0,False,True,partition_s,33698562
native,UNROLL FORCE_2_PHASES,RHO,False,16,13107200.0,52428800.0,0,False,True,partition_2,50339400
native,UNROLL FORCE_2_PHASES,RHO,False,16,13107200.0,52428800.0,0,False,True,partition_2_h,16661982
native,UNROLL FORCE_2_PHASES,RHO,False,16,13107200.0,52428800.0,0,False,True,partition_2_c,33848614
native,UNROLL FORCE_2_PHASES,RHO,False,16,13107200.0,52428800.0,0,False,True,join_total,28258390
native,UNROLL FORCE_2_PHASES,RHO,False,16,13107200.0,52428800.0,0,False,True,build,7970022
native,UNROLL FORCE_2_PHASES,RHO,False,16,13107200.0,52428800.0,0,False,True,probe,21590958
native,UNROLL FORCE_2_PHASES,RHO,False,16,13107200.0,52428800.0,0,False,True,throughput,1473.55
native,UNROLL FORCE_2_PHASES,RHO,False,16,13107200.0,52428800.0,0,False,True,total,128978684
native,UNROLL FORCE_2_PHASES,RHO,False,16,13107200.0,52428800.0,0,False,True,partition,100812350
native,UNROLL FORCE_2_PHASES,RHO,False,16,13107200.0,52428800.0,0,False,True,partition_1,50600140
native,UNROLL FORCE_2_PHASES,RHO,False,16,13107200.0,52428800.0,0,False,True,partition_r,16909334
native,UNROLL FORCE_2_PHASES,RHO,False,16,13107200.0,52428800.0,0,False,True,partition_s,33647236
native,UNROLL FORCE_2_PHASES,RHO,False,16,13107200.0,52428800.0,0,False,True,partition_2,50211500
native,UNROLL FORCE_2_PHASES,RHO,False,16,13107200.0,52428800.0,0,False,True,partition_2_h,16599278
native,UNROLL FORCE_2_PHASES,RHO,False,16,13107200.0,52428800.0,0,False,True,partition_2_c,33692156
native,UNROLL FORCE_2_PHASES,RHO,False,16,13107200.0,52428800.0,0,False,True,join_total,28165140
native,UNROLL FORCE_2_PHASES,RHO,False,16,13107200.0,52428800.0,0,False,True,build,6875098
native,UNROLL FORCE_2_PHASES,RHO,False,16,13107200.0,52428800.0,0,False,True,probe,22369746
native,UNROLL FORCE_2_PHASES,RHO,False,16,13107200.0,52428800.0,0,False,True,throughput,1468.5
native,UNROLL FORCE_2_PHASES,RHO,False,16,13107200.0,52428800.0,0,False,True,total,129421268
native,UNROLL FORCE_2_PHASES,RHO,False,16,13107200.0,52428800.0,0,False,True,partition,100969652
native,UNROLL FORCE_2_PHASES,RHO,False,16,13107200.0,52428800.0,0,False,True,partition_1,50630160
native,UNROLL FORCE_2_PHASES,RHO,False,16,13107200.0,52428800.0,0,False,True,partition_r,16728796
native,UNROLL FORCE_2_PHASES,RHO,False,16,13107200.0,52428800.0,0,False,True,partition_s,33670342
native,UNROLL FORCE_2_PHASES,RHO,False,16,13107200.0,52428800.0,0,False,True,partition_2,50338784
native,UNROLL FORCE_2_PHASES,RHO,False,16,13107200.0,52428800.0,0,False,True,partition_2_h,16460396
native,UNROLL FORCE_2_PHASES,RHO,False,16,13107200.0,52428800.0,0,False,True,partition_2_c,33868090
native,UNROLL FORCE_2_PHASES,RHO,False,16,13107200.0,52428800.0,0,False,True,join_total,28450692
native,UNROLL FORCE_2_PHASES,RHO,False,16,13107200.0,52428800.0,0,False,True,build,6790588
native,UNROLL FORCE_2_PHASES,RHO,False,16,13107200.0,52428800.0,0,False,True,probe,22207608
native,UNROLL FORCE_2_PHASES,CRKJ,False,16,13107200.0,52428800.0,0,False,True,throughput,60.42
native,UNROLL FORCE_2_PHASES,CRKJ,False,16,13107200.0,52428800.0,0,False,True,throughput,60.05
native,UNROLL FORCE_2_PHASES,CRKJ,False,16,13107200.0,52428800.0,0,False,True,throughput,60.43
native,UNROLL FORCE_2_PHASES,CRKJ,False,16,13107200.0,52428800.0,0,False,True,throughput,60.51
native,UNROLL FORCE_2_PHASES,CRKJ,False,16,13107200.0,52428800.0,0,False,True,throughput,60.31
native,UNROLL FORCE_2_PHASES,CRKJ,False,16,13107200.0,52428800.0,0,False,True,throughput,60.34
native,UNROLL FORCE_2_PHASES,CRKJ,False,16,13107200.0,52428800.0,0,False,True,throughput,60.79
native,UNROLL FORCE_2_PHASES,CRKJ,False,16,13107200.0,52428800.0,0,False,True,throughput,60.27
native,UNROLL FORCE_2_PHASES,CRKJ,False,16,13107200.0,52428800.0,0,False,True,throughput,60.81
native,UNROLL FORCE_2_PHASES,CRKJ,False,16,13107200.0,52428800.0,0,False,True,throughput,60.06
sgx,UNROLL FORCE_2_PHASES,RHO,False,16,13107200.0,52428800.0,0,False,False,throughput,1437.51
sgx,UNROLL FORCE_2_PHASES,RHO,False,16,13107200.0,52428800.0,0,False,False,total,132213818
sgx,UNROLL FORCE_2_PHASES,RHO,False,16,13107200.0,52428800.0,0,False,False,partition,107267624
sgx,UNROLL FORCE_2_PHASES,RHO,False,16,13107200.0,52428800.0,0,False,False,partition_1,52070430
sgx,UNROLL FORCE_2_PHASES,RHO,False,16,13107200.0,52428800.0,0,False,False,partition_r,17404474
sgx,UNROLL FORCE_2_PHASES,RHO,False,16,13107200.0,52428800.0,0,False,False,partition_s,34238322
sgx,UNROLL FORCE_2_PHASES,RHO,False,16,13107200.0,52428800.0,0,False,False,partition_2,55196422
sgx,UNROLL FORCE_2_PHASES,RHO,False,16,13107200.0,52428800.0,0,False,False,partition_2_h,22459326
sgx,UNROLL FORCE_2_PHASES,RHO,False,16,13107200.0,52428800.0,0,False,False,partition_2_c,33703648
sgx,UNROLL FORCE_2_PHASES,RHO,False,16,13107200.0,52428800.0,0,False,False,join_total,24945596
sgx,UNROLL FORCE_2_PHASES,RHO,False,16,13107200.0,52428800.0,0,False,False,build,4198702
sgx,UNROLL FORCE_2_PHASES,RHO,False,16,13107200.0,52428800.0,0,False,False,probe,20521336
sgx,UNROLL FORCE_2_PHASES,RHO,False,16,13107200.0,52428800.0,0,False,False,throughput,1431.14
sgx,UNROLL FORCE_2_PHASES,RHO,False,16,13107200.0,52428800.0,0,False,False,total,132801362
sgx,UNROLL FORCE_2_PHASES,RHO,False,16,13107200.0,52428800.0,0,False,False,partition,108087806
sgx,UNROLL FORCE_2_PHASES,RHO,False,16,13107200.0,52428800.0,0,False,False,partition_1,52307028
sgx,UNROLL FORCE_2_PHASES,RHO,False,16,13107200.0,52428800.0,0,False,False,partition_r,17686096
sgx,UNROLL FORCE_2_PHASES,RHO,False,16,13107200.0,52428800.0,0,False,False,partition_s,34314244
sgx,UNROLL FORCE_2_PHASES,RHO,False,16,13107200.0,52428800.0,0,False,False,partition_2,55780110
sgx,UNROLL FORCE_2_PHASES,RHO,False,16,13107200.0,52428800.0,0,False,False,partition_2_h,23797572
sgx,UNROLL FORCE_2_PHASES,RHO,False,16,13107200.0,52428800.0,0,False,False,partition_2_c,33764098
sgx,UNROLL FORCE_2_PHASES,RHO,False,16,13107200.0,52428800.0,0,False,False,join_total,24712698
sgx,UNROLL FORCE_2_PHASES,RHO,False,16,13107200.0,52428800.0,0,False,False,build,4157376
sgx,UNROLL FORCE_2_PHASES,RHO,False,16,13107200.0,52428800.0,0,False,False,probe,20065402
sgx,UNROLL FORCE_2_PHASES,RHO,False,16,13107200.0,52428800.0,0,False,False,throughput,1417.12
sgx,UNROLL FORCE_2_PHASES,RHO,False,16,13107200.0,52428800.0,0,False,False,total,134115708
sgx,UNROLL FORCE_2_PHASES,RHO,False,16,13107200.0,52428800.0,0,False,False,partition,108888112
sgx,UNROLL FORCE_2_PHASES,RHO,False,16,13107200.0,52428800.0,0,False,False,partition_1,52265076
sgx,UNROLL FORCE_2_PHASES,RHO,False,16,13107200.0,52428800.0,0,False,False,partition_r,17422010
sgx,UNROLL FORCE_2_PHASES,RHO,False,16,13107200.0,52428800.0,0,False,False,partition_s,34322582
sgx,UNROLL FORCE_2_PHASES,RHO,False,16,13107200.0,52428800.0,0,False,False,partition_2,56622386
sgx,UNROLL FORCE_2_PHASES,RHO,False,16,13107200.0,52428800.0,0,False,False,partition_2_h,25199838
sgx,UNROLL FORCE_2_PHASES,RHO,False,16,13107200.0,52428800.0,0,False,False,partition_2_c,33059956
sgx,UNROLL FORCE_2_PHASES,RHO,False,16,13107200.0,52428800.0,0,False,False,join_total,25226798
sgx,UNROLL FORCE_2_PHASES,RHO,False,16,13107200.0,52428800.0,0,False,False,build,4078040
sgx,UNROLL FORCE_2_PHASES,RHO,False,16,13107200.0,52428800.0,0,False,False,probe,20724538
sgx,UNROLL FORCE_2_PHASES,RHO,False,16,13107200.0,52428800.0,0,False,False,throughput,1421.76
sgx,UNROLL FORCE_2_PHASES,RHO,False,16,13107200.0,52428800.0,0,False,False,total,133677576
sgx,UNROLL FORCE_2_PHASES,RHO,False,16,13107200.0,52428800.0,0,False,False,partition,108713226
sgx,UNROLL FORCE_2_PHASES,RHO,False,16,13107200.0,52428800.0,0,False,False,partition_1,52174268
sgx,UNROLL FORCE_2_PHASES,RHO,False,16,13107200.0,52428800.0,0,False,False,partition_r,17510714
sgx,UNROLL FORCE_2_PHASES,RHO,False,16,13107200.0,52428800.0,0,False,False,partition_s,34328368
sgx,UNROLL FORCE_2_PHASES,RHO,False,16,13107200.0,52428800.0,0,False,False,partition_2,56538386
sgx,UNROLL FORCE_2_PHASES,RHO,False,16,13107200.0,52428800.0,0,False,False,partition_2_h,24988944
sgx,UNROLL FORCE_2_PHASES,RHO,False,16,13107200.0,52428800.0,0,False,False,partition_2_c,33366220
sgx,UNROLL FORCE_2_PHASES,RHO,False,16,13107200.0,52428800.0,0,False,False,join_total,24962436
sgx,UNROLL FORCE_2_PHASES,RHO,False,16,13107200.0,52428800.0,0,False,False,build,4017036
sgx,UNROLL FORCE_2_PHASES,RHO,False,16,13107200.0,52428800.0,0,False,False,probe,20513938
sgx,UNROLL FORCE_2_PHASES,RHO,False,16,13107200.0,52428800.0,0,False,False,throughput,1442.76
sgx,UNROLL FORCE_2_PHASES,RHO,False,16,13107200.0,52428800.0,0,False,False,total,131730156
sgx,UNROLL FORCE_2_PHASES,RHO,False,16,13107200.0,52428800.0,0,False,False,partition,106882514
sgx,UNROLL FORCE_2_PHASES,RHO,False,16,13107200.0,52428800.0,0,False,False,partition_1,52091004
sgx,UNROLL FORCE_2_PHASES,RHO,False,16,13107200.0,52428800.0,0,False,False,partition_r,17458980
sgx,UNROLL FORCE_2_PHASES,RHO,False,16,13107200.0,52428800.0,0,False,False,partition_s,34281946
sgx,UNROLL FORCE_2_PHASES,RHO,False,16,13107200.0,52428800.0,0,False,False,partition_2,54791110
sgx,UNROLL FORCE_2_PHASES,RHO,False,16,13107200.0,52428800.0,0,False,False,partition_2_h,22489228
sgx,UNROLL FORCE_2_PHASES,RHO,False,16,13107200.0,52428800.0,0,False,False,partition_2_c,33633852
sgx,UNROLL FORCE_2_PHASES,RHO,False,16,13107200.0,52428800.0,0,False,False,join_total,24846260
sgx,UNROLL FORCE_2_PHASES,RHO,False,16,13107200.0,52428800.0,0,False,False,build,4048168
sgx,UNROLL FORCE_2_PHASES,RHO,False,16,13107200.0,52428800.0,0,False,False,probe,20571606
sgx,UNROLL FORCE_2_PHASES,RHO,False,16,13107200.0,52428800.0,0,False,False,throughput,1442.98
sgx,UNROLL FORCE_2_PHASES,RHO,False,16,13107200.0,52428800.0,0,False,False,total,131710664
sgx,UNROLL FORCE_2_PHASES,RHO,False,16,13107200.0,52428800.0,0,False,False,partition,107091856
sgx,UNROLL FORCE_2_PHASES,RHO,False,16,13107200.0,52428800.0,0,False,False,partition_1,52215562
sgx,UNROLL FORCE_2_PHASES,RHO,False,16,13107200.0,52428800.0,0,False,False,partition_r,17431120
sgx,UNROLL FORCE_2_PHASES,RHO,False,16,13107200.0,52428800.0,0,False,False,partition_s,34245942
sgx,UNROLL FORCE_2_PHASES,RHO,False,16,13107200.0,52428800.0,0,False,False,partition_2,54875938
sgx,UNROLL FORCE_2_PHASES,RHO,False,16,13107200.0,52428800.0,0,False,False,partition_2_h,22750628
sgx,UNROLL FORCE_2_PHASES,RHO,False,16,13107200.0,52428800.0,0,False,False,partition_2_c,33762308
sgx,UNROLL FORCE_2_PHASES,RHO,False,16,13107200.0,52428800.0,0,False,False,join_total,24618218
sgx,UNROLL FORCE_2_PHASES,RHO,False,16,13107200.0,52428800.0,0,False,False,build,4005470
sgx,UNROLL FORCE_2_PHASES,RHO,False,16,13107200.0,52428800.0,0,False,False,probe,20098064
sgx,UNROLL FORCE_2_PHASES,RHO,False,16,13107200.0,52428800.0,0,False,False,throughput,1436.34
sgx,UNROLL FORCE_2_PHASES,RHO,False,16,13107200.0,52428800.0,0,False,False,total,132321196
sgx,UNROLL FORCE_2_PHASES,RHO,False,16,13107200.0,52428800.0,0,False,False,partition,107527492
sgx,UNROLL FORCE_2_PHASES,RHO,False,16,13107200.0,52428800.0,0,False,False,partition_1,51996382
sgx,UNROLL FORCE_2_PHASES,RHO,False,16,13107200.0,52428800.0,0,False,False,partition_r,17294642
sgx,UNROLL FORCE_2_PHASES,RHO,False,16,13107200.0,52428800.0,0,False,False,partition_s,34257676
sgx,UNROLL FORCE_2_PHASES,RHO,False,16,13107200.0,52428800.0,0,False,False,partition_2,55529884
sgx,UNROLL FORCE_2_PHASES,RHO,False,16,13107200.0,52428800.0,0,False,False,partition_2_h,24318076
sgx,UNROLL FORCE_2_PHASES,RHO,False,16,13107200.0,52428800.0,0,False,False,partition_2_c,33329810
sgx,UNROLL FORCE_2_PHASES,RHO,False,16,13107200.0,52428800.0,0,False,False,join_total,24792778
sgx,UNROLL FORCE_2_PHASES,RHO,False,16,13107200.0,52428800.0,0,False,False,build,4065238
sgx,UNROLL FORCE_2_PHASES,RHO,False,16,13107200.0,52428800.0,0,False,False,probe,20493496
sgx,UNROLL FORCE_2_PHASES,RHO,False,16,13107200.0,52428800.0,0,False,False,throughput,1436.97
sgx,UNROLL FORCE_2_PHASES,RHO,False,16,13107200.0,52428800.0,0,False,False,total,132261864
sgx,UNROLL FORCE_2_PHASES,RHO,False,16,13107200.0,52428800.0,0,False,False,partition,107450996
sgx,UNROLL FORCE_2_PHASES,RHO,False,16,13107200.0,52428800.0,0,False,False,partition_1,51910470
sgx,UNROLL FORCE_2_PHASES,RHO,False,16,13107200.0,52428800.0,0,False,False,partition_r,17360458
sgx,UNROLL FORCE_2_PHASES,RHO,False,16,13107200.0,52428800.0,0,False,False,partition_s,34274648
sgx,UNROLL FORCE_2_PHASES,RHO,False,16,13107200.0,52428800.0,0,False,False,partition_2,55539870
sgx,UNROLL FORCE_2_PHASES,RHO,False,16,13107200.0,52428800.0,0,False,False,partition_2_h,24251896
sgx,UNROLL FORCE_2_PHASES,RHO,False,16,13107200.0,52428800.0,0,False,False,partition_2_c,33770708
sgx,UNROLL FORCE_2_PHASES,RHO,False,16,13107200.0,52428800.0,0,False,False,join_total,24810164
sgx,UNROLL FORCE_2_PHASES,RHO,False,16,13107200.0,52428800.0,0,False,False,build,4024582
sgx,UNROLL FORCE_2_PHASES,RHO,False,16,13107200.0,52428800.0,0,False,False,probe,20529576
sgx,UNROLL FORCE_2_PHASES,RHO,False,16,13107200.0,52428800.0,0,False,False,throughput,1246.83
sgx,UNROLL FORCE_2_PHASES,RHO,False,16,13107200.0,52428800.0,0,False,False,total,152430488
sgx,UNROLL FORCE_2_PHASES,RHO,False,16,13107200.0,52428800.0,0,False,False,partition,127398156
sgx,UNROLL FORCE_2_PHASES,RHO,False,16,13107200.0,52428800.0,0,False,False,partition_1,71218250
sgx,UNROLL FORCE_2_PHASES,RHO,False,16,13107200.0,52428800.0,0,False,False,partition_r,17495996
sgx,UNROLL FORCE_2_PHASES,RHO,False,16,13107200.0,52428800.0,0,False,False,partition_s,53145988
sgx,UNROLL FORCE_2_PHASES,RHO,False,16,13107200.0,52428800.0,0,False,False,partition_2,56179300
sgx,UNROLL FORCE_2_PHASES,RHO,False,16,13107200.0,52428800.0,0,False,False,partition_2_h,24334972
sgx,UNROLL FORCE_2_PHASES,RHO,False,16,13107200.0,52428800.0,0,False,False,partition_2_c,32621964
sgx,UNROLL FORCE_2_PHASES,RHO,False,16,13107200.0,52428800.0,0,False,False,join_total,25031458
sgx,UNROLL FORCE_2_PHASES,RHO,False,16,13107200.0,52428800.0,0,False,False,build,4124738
sgx,UNROLL FORCE_2_PHASES,RHO,False,16,13107200.0,52428800.0,0,False,False,probe,20603856
sgx,UNROLL FORCE_2_PHASES,RHO,False,16,13107200.0,52428800.0,0,False,False,throughput,1438.9
sgx,UNROLL FORCE_2_PHASES,RHO,False,16,13107200.0,52428800.0,0,False,False,total,132084406
sgx,UNROLL FORCE_2_PHASES,RHO,False,16,13107200.0,52428800.0,0,False,False,partition,107374972
sgx,UNROLL FORCE_2_PHASES,RHO,False,16,13107200.0,52428800.0,0,False,False,partition_1,52140390
sgx,UNROLL FORCE_2_PHASES,RHO,False,16,13107200.0,52428800.0,0,False,False,partition_r,17652418
sgx,UNROLL FORCE_2_PHASES,RHO,False,16,13107200.0,52428800.0,0,False,False,partition_s,34095164
sgx,UNROLL FORCE_2_PHASES,RHO,False,16,13107200.0,52428800.0,0,False,False,partition_2,55233978
sgx,UNROLL FORCE_2_PHASES,RHO,False,16,13107200.0,52428800.0,0,False,False,partition_2_h,23053556
sgx,UNROLL FORCE_2_PHASES,RHO,False,16,13107200.0,52428800.0,0,False,False,partition_2_c,34215794
sgx,UNROLL FORCE_2_PHASES,RHO,False,16,13107200.0,52428800.0,0,False,False,join_total,24708528
sgx,UNROLL FORCE_2_PHASES,RHO,False,16,13107200.0,52428800.0,0,False,False,build,4078300
sgx,UNROLL FORCE_2_PHASES,RHO,False,16,13107200.0,52428800.0,0,False,False,probe,20417864
sgx,UNROLL FORCE_2_PHASES,CRKJ,False,16,13107200.0,52428800.0,0,False,False,throughput,59.3
sgx,UNROLL FORCE_2_PHASES,CRKJ,False,16,13107200.0,52428800.0,0,False,False,throughput,59.32
sgx,UNROLL FORCE_2_PHASES,CRKJ,False,16,13107200.0,52428800.0,0,False,False,throughput,59.31
sgx,UNROLL FORCE_2_PHASES,CRKJ,False,16,13107200.0,52428800.0,0,False,False,throughput,59.44
sgx,UNROLL FORCE_2_PHASES,CRKJ,False,16,13107200.0,52428800.0,0,False,False,throughput,59.3
sgx,UNROLL FORCE_2_PHASES,CRKJ,False,16,13107200.0,52428800.0,0,False,False,throughput,59.52
sgx,UNROLL FORCE_2_PHASES,CRKJ,False,16,13107200.0,52428800.0,0,False,False,throughput,59.22
sgx,UNROLL FORCE_2_PHASES,CRKJ,False,16,13107200.0,52428800.0,0,False,False,throughput,59.72
sgx,UNROLL FORCE_2_PHASES,CRKJ,False,16,13107200.0,52428800.0,0,False,False,throughput,59.62
sgx,UNROLL FORCE_2_PHASES,CRKJ,False,16,13107200.0,52428800.0,0,False,False,throughput,59.46
sgx,UNROLL FORCE_2_PHASES,RHO,False,16,13107200.0,52428800.0,0,False,True,throughput,1435.81
sgx,UNROLL FORCE_2_PHASES,RHO,False,16,13107200.0,52428800.0,0,False,True,total,132370458
sgx,UNROLL FORCE_2_PHASES,RHO,False,16,13107200.0,52428800.0,0,False,True,partition,107280338
sgx,UNROLL FORCE_2_PHASES,RHO,False,16,13107200.0,52428800.0,0,False,True,partition_1,51898814
sgx,UNROLL FORCE_2_PHASES,RHO,False,16,13107200.0,52428800.0,0,False,True,partition_r,17358748
sgx,UNROLL FORCE_2_PHASES,RHO,False,16,13107200.0,52428800.0,0,False,True,partition_s,34240734
sgx,UNROLL FORCE_2_PHASES,RHO,False,16,13107200.0,52428800.0,0,False,True,partition_2,55380860
sgx,UNROLL FORCE_2_PHASES,RHO,False,16,13107200.0,52428800.0,0,False,True,partition_2_h,23463776
sgx,UNROLL FORCE_2_PHASES,RHO,False,16,13107200.0,52428800.0,0,False,True,partition_2_c,33552922
sgx,UNROLL FORCE_2_PHASES,RHO,False,16,13107200.0,52428800.0,0,False,True,join_total,25089770
sgx,UNROLL FORCE_2_PHASES,RHO,False,16,13107200.0,52428800.0,0,False,True,build,4082720
sgx,UNROLL FORCE_2_PHASES,RHO,False,16,13107200.0,52428800.0,0,False,True,probe,20594158
sgx,UNROLL FORCE_2_PHASES,RHO,False,16,13107200.0,52428800.0,0,False,True,throughput,1448.25
sgx,UNROLL FORCE_2_PHASES,RHO,False,16,13107200.0,52428800.0,0,False,True,total,131232618
sgx,UNROLL FORCE_2_PHASES,RHO,False,16,13107200.0,52428800.0,0,False,True,partition,106490898
sgx,UNROLL FORCE_2_PHASES,RHO,False,16,13107200.0,52428800.0,0,False,True,partition_1,52237650
sgx,UNROLL FORCE_2_PHASES,RHO,False,16,13107200.0,52428800.0,0,False,True,partition_r,17624422
sgx,UNROLL FORCE_2_PHASES,RHO,False,16,13107200.0,52428800.0,0,False,True,partition_s,34268462
sgx,UNROLL FORCE_2_PHASES,RHO,False,16,13107200.0,52428800.0,0,False,True,partition_2,54252486
sgx,UNROLL FORCE_2_PHASES,RHO,False,16,13107200.0,52428800.0,0,False,True,partition_2_h,21566096
sgx,UNROLL FORCE_2_PHASES,RHO,False,16,13107200.0,52428800.0,0,False,True,partition_2_c,33789072
sgx,UNROLL FORCE_2_PHASES,RHO,False,16,13107200.0,52428800.0,0,False,True,join_total,24741130
sgx,UNROLL FORCE_2_PHASES,RHO,False,16,13107200.0,52428800.0,0,False,True,build,3923898
sgx,UNROLL FORCE_2_PHASES,RHO,False,16,13107200.0,52428800.0,0,False,True,probe,20259576
sgx,UNROLL FORCE_2_PHASES,RHO,False,16,13107200.0,52428800.0,0,False,True,throughput,1407.11
sgx,UNROLL FORCE_2_PHASES,RHO,False,16,13107200.0,52428800.0,0,False,True,total,135069632
sgx,UNROLL FORCE_2_PHASES,RHO,False,16,13107200.0,52428800.0,0,False,True,partition,110060360
sgx,UNROLL FORCE_2_PHASES,RHO,False,16,13107200.0,52428800.0,0,False,True,partition_1,51927116
sgx,UNROLL FORCE_2_PHASES,RHO,False,16,13107200.0,52428800.0,0,False,True,partition_r,17474756
sgx,UNROLL FORCE_2_PHASES,RHO,False,16,13107200.0,52428800.0,0,False,True,partition_s,34051016
sgx,UNROLL FORCE_2_PHASES,RHO,False,16,13107200.0,52428800.0,0,False,True,partition_2,58132632
sgx,UNROLL FORCE_2_PHASES,RHO,False,16,13107200.0,52428800.0,0,False,True,partition_2_h,27181328
sgx,UNROLL FORCE_2_PHASES,RHO,False,16,13107200.0,52428800.0,0,False,True,partition_2_c,33123680
sgx,UNROLL FORCE_2_PHASES,RHO,False,16,13107200.0,52428800.0,0,False,True,join_total,25007810
sgx,UNROLL FORCE_2_PHASES,RHO,False,16,13107200.0,52428800.0,0,False,True,build,4046492
sgx,UNROLL FORCE_2_PHASES,RHO,False,16,13107200.0,52428800.0,0,False,True,probe,20604726
sgx,UNROLL FORCE_2_PHASES,RHO,False,16,13107200.0,52428800.0,0,False,True,throughput,1441.75
sgx,UNROLL FORCE_2_PHASES,RHO,False,16,13107200.0,52428800.0,0,False,True,total,131823848
sgx,UNROLL FORCE_2_PHASES,RHO,False,16,13107200.0,52428800.0,0,False,True,partition,106979174
sgx,UNROLL FORCE_2_PHASES,RHO,False,16,13107200.0,52428800.0,0,False,True,partition_1,52506528
sgx,UNROLL FORCE_2_PHASES,RHO,False,16,13107200.0,52428800.0,0,False,True,partition_r,17518122
sgx,UNROLL FORCE_2_PHASES,RHO,False,16,13107200.0,52428800.0,0,False,True,partition_s,34494718
sgx,UNROLL FORCE_2_PHASES,RHO,False,16,13107200.0,52428800.0,0,False,True,partition_2,54472152
sgx,UNROLL FORCE_2_PHASES,RHO,False,16,13107200.0,52428800.0,0,False,True,partition_2_h,22070334
sgx,UNROLL FORCE_2_PHASES,RHO,False,16,13107200.0,52428800.0,0,False,True,partition_2_c,33714342
sgx,UNROLL FORCE_2_PHASES,RHO,False,16,13107200.0,52428800.0,0,False,True,join_total,24843634
sgx,UNROLL FORCE_2_PHASES,RHO,False,16,13107200.0,52428800.0,0,False,True,build,4152392
sgx,UNROLL FORCE_2_PHASES,RHO,False,16,13107200.0,52428800.0,0,False,True,probe,20452964
sgx,UNROLL FORCE_2_PHASES,RHO,False,16,13107200.0,52428800.0,0,False,True,throughput,1417.73
sgx,UNROLL FORCE_2_PHASES,RHO,False,16,13107200.0,52428800.0,0,False,True,total,134056706
sgx,UNROLL FORCE_2_PHASES,RHO,False,16,13107200.0,52428800.0,0,False,True,partition,109130226
sgx,UNROLL FORCE_2_PHASES,RHO,False,16,13107200.0,52428800.0,0,False,True,partition_1,52310220
sgx,UNROLL FORCE_2_PHASES,RHO,False,16,13107200.0,52428800.0,0,False,True,partition_r,17447544
sgx,UNROLL FORCE_2_PHASES,RHO,False,16,13107200.0,52428800.0,0,False,True,partition_s,34392866
sgx,UNROLL FORCE_2_PHASES,RHO,False,16,13107200.0,52428800.0,0,False,True,partition_2,56819570
sgx,UNROLL FORCE_2_PHASES,RHO,False,16,13107200.0,52428800.0,0,False,True,partition_2_h,26447350
sgx,UNROLL FORCE_2_PHASES,RHO,False,16,13107200.0,52428800.0,0,False,True,partition_2_c,33064398
sgx,UNROLL FORCE_2_PHASES,RHO,False,16,13107200.0,52428800.0,0,False,True,join_total,24925136
sgx,UNROLL FORCE_2_PHASES,RHO,False,16,13107200.0,52428800.0,0,False,True,build,4114956
sgx,UNROLL FORCE_2_PHASES,RHO,False,16,13107200.0,52428800.0,0,False,True,probe,20148522
sgx,UNROLL FORCE_2_PHASES,RHO,False,16,13107200.0,52428800.0,0,False,True,throughput,1438.61
sgx,UNROLL FORCE_2_PHASES,RHO,False,16,13107200.0,52428800.0,0,False,True,total,132111046
sgx,UNROLL FORCE_2_PHASES,RHO,False,16,13107200.0,52428800.0,0,False,True,partition,107535956
sgx,UNROLL FORCE_2_PHASES,RHO,False,16,13107200.0,52428800.0,0,False,True,partition_1,51861820
sgx,UNROLL FORCE_2_PHASES,RHO,False,16,13107200.0,52428800.0,0,False,True,partition_r,17290996
sgx,UNROLL FORCE_2_PHASES,RHO,False,16,13107200.0,52428800.0,0,False,True,partition_s,34136384
sgx,UNROLL FORCE_2_PHASES,RHO,False,16,13107200.0,52428800.0,0,False,True,partition_2,55673502
sgx,UNROLL FORCE_2_PHASES,RHO,False,16,13107200.0,52428800.0,0,False,True,partition_2_h,23767766
sgx,UNROLL FORCE_2_PHASES,RHO,False,16,13107200.0,52428800.0,0,False,True,partition_2_c,33828756
sgx,UNROLL FORCE_2_PHASES,RHO,False,16,13107200.0,52428800.0,0,False,True,join_total,24573968
sgx,UNROLL FORCE_2_PHASES,RHO,False,16,13107200.0,52428800.0,0,False,True,build,3997180
sgx,UNROLL FORCE_2_PHASES,RHO,False,16,13107200.0,52428800.0,0,False,True,probe,20074610
sgx,UNROLL FORCE_2_PHASES,RHO,False,16,13107200.0,52428800.0,0,False,True,throughput,1421.54
sgx,UNROLL FORCE_2_PHASES,RHO,False,16,13107200.0,52428800.0,0,False,True,total,133695942
sgx,UNROLL FORCE_2_PHASES,RHO,False,16,13107200.0,52428800.0,0,False,True,partition,108418096
sgx,UNROLL FORCE_2_PHASES,RHO,False,16,13107200.0,52428800.0,0,False,True,partition_1,51897566
sgx,UNROLL FORCE_2_PHASES,RHO,False,16,13107200.0,52428800.0,0,False,True,partition_r,17360856
sgx,UNROLL FORCE_2_PHASES,RHO,False,16,13107200.0,52428800.0,0,False,True,partition_s,34174110
sgx,UNROLL FORCE_2_PHASES,RHO,False,16,13107200.0,52428800.0,0,False,True,partition_2,56519884
sgx,UNROLL FORCE_2_PHASES,RHO,False,16,13107200.0,52428800.0,0,False,True,partition_2_h,24931234
sgx,UNROLL FORCE_2_PHASES,RHO,False,16,13107200.0,52428800.0,0,False,True,partition_2_c,32998792
sgx,UNROLL FORCE_2_PHASES,RHO,False,16,13107200.0,52428800.0,0,False,True,join_total,25277142
sgx,UNROLL FORCE_2_PHASES,RHO,False,16,13107200.0,52428800.0,0,False,True,build,4100650
sgx,UNROLL FORCE_2_PHASES,RHO,False,16,13107200.0,52428800.0,0,False,True,probe,20777338
sgx,UNROLL FORCE_2_PHASES,RHO,False,16,13107200.0,52428800.0,0,False,True,throughput,1436.15
sgx,UNROLL FORCE_2_PHASES,RHO,False,16,13107200.0,52428800.0,0,False,True,total,132336630
sgx,UNROLL FORCE_2_PHASES,RHO,False,16,13107200.0,52428800.0,0,False,True,partition,107139226
sgx,UNROLL FORCE_2_PHASES,RHO,False,16,13107200.0,52428800.0,0,False,True,partition_1,52175102
sgx,UNROLL FORCE_2_PHASES,RHO,False,16,13107200.0,52428800.0,0,False,True,partition_r,17669240
sgx,UNROLL FORCE_2_PHASES,RHO,False,16,13107200.0,52428800.0,0,False,True,partition_s,34189282
sgx,UNROLL FORCE_2_PHASES,RHO,False,16,13107200.0,52428800.0,0,False,True,partition_2,54963320
sgx,UNROLL FORCE_2_PHASES,RHO,False,16,13107200.0,52428800.0,0,False,True,partition_2_h,22922810
sgx,UNROLL FORCE_2_PHASES,RHO,False,16,13107200.0,52428800.0,0,False,True,partition_2_c,34575596
sgx,UNROLL FORCE_2_PHASES,RHO,False,16,13107200.0,52428800.0,0,False,True,join_total,25196754
sgx,UNROLL FORCE_2_PHASES,RHO,False,16,13107200.0,52428800.0,0,False,True,build,4143506
sgx,UNROLL FORCE_2_PHASES,RHO,False,16,13107200.0,52428800.0,0,False,True,probe,20616074
sgx,UNROLL FORCE_2_PHASES,RHO,False,16,13107200.0,52428800.0,0,False,True,throughput,1413.91
sgx,UNROLL FORCE_2_PHASES,RHO,False,16,13107200.0,52428800.0,0,False,True,total,134420692
sgx,UNROLL FORCE_2_PHASES,RHO,False,16,13107200.0,52428800.0,0,False,True,partition,109511050
sgx,UNROLL FORCE_2_PHASES,RHO,False,16,13107200.0,52428800.0,0,False,True,partition_1,52217464
sgx,UNROLL FORCE_2_PHASES,RHO,False,16,13107200.0,52428800.0,0,False,True,partition_r,17482094
sgx,UNROLL FORCE_2_PHASES,RHO,False,16,13107200.0,52428800.0,0,False,True,partition_s,34096188
sgx,UNROLL FORCE_2_PHASES,RHO,False,16,13107200.0,52428800.0,0,False,True,partition_2,57292912
sgx,UNROLL FORCE_2_PHASES,RHO,False,16,13107200.0,52428800.0,0,False,True,partition_2_h,25929890
sgx,UNROLL FORCE_2_PHASES,RHO,False,16,13107200.0,52428800.0,0,False,True,partition_2_c,32834430
sgx,UNROLL FORCE_2_PHASES,RHO,False,16,13107200.0,52428800.0,0,False,True,join_total,24908472
sgx,UNROLL FORCE_2_PHASES,RHO,False,16,13107200.0,52428800.0,0,False,True,build,4030028
sgx,UNROLL FORCE_2_PHASES,RHO,False,16,13107200.0,52428800.0,0,False,True,probe,20466214
sgx,UNROLL FORCE_2_PHASES,RHO,False,16,13107200.0,52428800.0,0,False,True,throughput,1432.51
sgx,UNROLL FORCE_2_PHASES,RHO,False,16,13107200.0,52428800.0,0,False,True,total,132673116
sgx,UNROLL FORCE_2_PHASES,RHO,False,16,13107200.0,52428800.0,0,False,True,partition,107730294
sgx,UNROLL FORCE_2_PHASES,RHO,False,16,13107200.0,52428800.0,0,False,True,partition_1,52256660
sgx,UNROLL FORCE_2_PHASES,RHO,False,16,13107200.0,52428800.0,0,False,True,partition_r,17642326
sgx,UNROLL FORCE_2_PHASES,RHO,False,16,13107200.0,52428800.0,0,False,True,partition_s,34221004
sgx,UNROLL FORCE_2_PHASES,RHO,False,16,13107200.0,52428800.0,0,False,True,partition_2,55473338
sgx,UNROLL FORCE_2_PHASES,RHO,False,16,13107200.0,52428800.0,0,False,True,partition_2_h,24328748
sgx,UNROLL FORCE_2_PHASES,RHO,False,16,13107200.0,52428800.0,0,False,True,partition_2_c,33328858
sgx,UNROLL FORCE_2_PHASES,RHO,False,16,13107200.0,52428800.0,0,False,True,join_total,24941626
sgx,UNROLL FORCE_2_PHASES,RHO,False,16,13107200.0,52428800.0,0,False,True,build,4090030
sgx,UNROLL FORCE_2_PHASES,RHO,False,16,13107200.0,52428800.0,0,False,True,probe,20490066
sgx,UNROLL FORCE_2_PHASES,CRKJ,False,16,13107200.0,52428800.0,0,False,True,throughput,59.43
sgx,UNROLL FORCE_2_PHASES,CRKJ,False,16,13107200.0,52428800.0,0,False,True,throughput,59.09
sgx,UNROLL FORCE_2_PHASES,CRKJ,False,16,13107200.0,52428800.0,0,False,True,throughput,59.45
sgx,UNROLL FORCE_2_PHASES,CRKJ,False,16,13107200.0,52428800.0,0,False,True,throughput,59.17
sgx,UNROLL FORCE_2_PHASES,CRKJ,False,16,13107200.0,52428800.0,0,False,True,throughput,59.52
sgx,UNROLL FORCE_2_PHASES,CRKJ,False,16,13107200.0,52428800.0,0,False,True,throughput,59.06
sgx,UNROLL FORCE_2_PHASES,CRKJ,False,16,13107200.0,52428800.0,0,False,True,throughput,59.51
sgx,UNROLL FORCE_2_PHASES,CRKJ,False,16,13107200.0,52428800.0,0,False,True,throughput,59.46
sgx,UNROLL FORCE_2_PHASES,CRKJ,False,16,13107200.0,52428800.0,0,False,True,throughput,59.44
sgx,UNROLL FORCE_2_PHASES,CRKJ,False,16,13107200.0,52428800.0,0,False,True,throughput,59.67
native,FORCE_2_PHASES,RHO,False,16,13107200.0,52428800.0,0,False,False,throughput,1298.62
native,FORCE_2_PHASES,RHO,False,16,13107200.0,52428800.0,0,False,False,total,146352174
native,FORCE_2_PHASES,RHO,False,16,13107200.0,52428800.0,0,False,False,partition,118550702
native,FORCE_2_PHASES,RHO,False,16,13107200.0,52428800.0,0,False,False,partition_1,65387754
native,FORCE_2_PHASES,RHO,False,16,13107200.0,52428800.0,0,False,False,partition_r,16335164
native,FORCE_2_PHASES,RHO,False,16,13107200.0,52428800.0,0,False,False,partition_s,48261062
native,FORCE_2_PHASES,RHO,False,16,13107200.0,52428800.0,0,False,False,partition_2,53162306
native,FORCE_2_PHASES,RHO,False,16,13107200.0,52428800.0,0,False,False,partition_2_h,16064932
native,FORCE_2_PHASES,RHO,False,16,13107200.0,52428800.0,0,False,False,partition_2_c,37133944
native,FORCE_2_PHASES,RHO,False,16,13107200.0,52428800.0,0,False,False,join_total,27800544
native,FORCE_2_PHASES,RHO,False,16,13107200.0,52428800.0,0,False,False,build,7334830
native,FORCE_2_PHASES,RHO,False,16,13107200.0,52428800.0,0,False,False,probe,20677406
native,FORCE_2_PHASES,RHO,False,16,13107200.0,52428800.0,0,False,False,throughput,1290.89
native,FORCE_2_PHASES,RHO,False,16,13107200.0,52428800.0,0,False,False,total,147227628
native,FORCE_2_PHASES,RHO,False,16,13107200.0,52428800.0,0,False,False,partition,118973326
native,FORCE_2_PHASES,RHO,False,16,13107200.0,52428800.0,0,False,False,partition_1,65481004
native,FORCE_2_PHASES,RHO,False,16,13107200.0,52428800.0,0,False,False,partition_r,16360408
native,FORCE_2_PHASES,RHO,False,16,13107200.0,52428800.0,0,False,False,partition_s,49067844
native,FORCE_2_PHASES,RHO,False,16,13107200.0,52428800.0,0,False,False,partition_2,53491670
native,FORCE_2_PHASES,RHO,False,16,13107200.0,52428800.0,0,False,False,partition_2_h,16395988
native,FORCE_2_PHASES,RHO,False,16,13107200.0,52428800.0,0,False,False,partition_2_c,37065470
native,FORCE_2_PHASES,RHO,False,16,13107200.0,52428800.0,0,False,False,join_total,28253720
native,FORCE_2_PHASES,RHO,False,16,13107200.0,52428800.0,0,False,False,build,7277118
native,FORCE_2_PHASES,RHO,False,16,13107200.0,52428800.0,0,False,False,probe,22296442
native,FORCE_2_PHASES,RHO,False,16,13107200.0,52428800.0,0,False,False,throughput,1305.32
native,FORCE_2_PHASES,RHO,False,16,13107200.0,52428800.0,0,False,False,total,145600418
native,FORCE_2_PHASES,RHO,False,16,13107200.0,52428800.0,0,False,False,partition,118187504
native,FORCE_2_PHASES,RHO,False,16,13107200.0,52428800.0,0,False,False,partition_1,64833886
native,FORCE_2_PHASES,RHO,False,16,13107200.0,52428800.0,0,False,False,partition_r,16285550
native,FORCE_2_PHASES,RHO,False,16,13107200.0,52428800.0,0,False,False,partition_s,48476292
native,FORCE_2_PHASES,RHO,False,16,13107200.0,52428800.0,0,False,False,partition_2,53352806
native,FORCE_2_PHASES,RHO,False,16,13107200.0,52428800.0,0,False,False,partition_2_h,16202392
native,FORCE_2_PHASES,RHO,False,16,13107200.0,52428800.0,0,False,False,partition_2_c,37190526
native,FORCE_2_PHASES,RHO,False,16,13107200.0,52428800.0,0,False,False,join_total,27411788
native,FORCE_2_PHASES,RHO,False,16,13107200.0,52428800.0,0,False,False,build,5982758
native,FORCE_2_PHASES,RHO,False,16,13107200.0,52428800.0,0,False,False,probe,20693504
native,FORCE_2_PHASES,RHO,False,16,13107200.0,52428800.0,0,False,False,throughput,1286.89
native,FORCE_2_PHASES,RHO,False,16,13107200.0,52428800.0,0,False,False,total,147687778
native,FORCE_2_PHASES,RHO,False,16,13107200.0,52428800.0,0,False,False,partition,118308492
native,FORCE_2_PHASES,RHO,False,16,13107200.0,52428800.0,0,False,False,partition_1,65283292
native,FORCE_2_PHASES,RHO,False,16,13107200.0,52428800.0,0,False,False,partition_r,16567786
native,FORCE_2_PHASES,RHO,False,16,13107200.0,52428800.0,0,False,False,partition_s,47615068
native,FORCE_2_PHASES,RHO,False,16,13107200.0,52428800.0,0,False,False,partition_2,53024332
native,FORCE_2_PHASES,RHO,False,16,13107200.0,52428800.0,0,False,False,partition_2_h,16168596
native,FORCE_2_PHASES,RHO,False,16,13107200.0,52428800.0,0,False,False,partition_2_c,36929576
native,FORCE_2_PHASES,RHO,False,16,13107200.0,52428800.0,0,False,False,join_total,29378190
native,FORCE_2_PHASES,RHO,False,16,13107200.0,52428800.0,0,False,False,build,7587342
native,FORCE_2_PHASES,RHO,False,16,13107200.0,52428800.0,0,False,False,probe,22941784
native,FORCE_2_PHASES,RHO,False,16,13107200.0,52428800.0,0,False,False,throughput,1303.34
native,FORCE_2_PHASES,RHO,False,16,13107200.0,52428800.0,0,False,False,total,145823226
native,FORCE_2_PHASES,RHO,False,16,13107200.0,52428800.0,0,False,False,partition,118369192
native,FORCE_2_PHASES,RHO,False,16,13107200.0,52428800.0,0,False,False,partition_1,65457498
native,FORCE_2_PHASES,RHO,False,16,13107200.0,52428800.0,0,False,False,partition_r,16265528
native,FORCE_2_PHASES,RHO,False,16,13107200.0,52428800.0,0,False,False,partition_s,48546604
native,FORCE_2_PHASES,RHO,False,16,13107200.0,52428800.0,0,False,False,partition_2,52911168
native,FORCE_2_PHASES,RHO,False,16,13107200.0,52428800.0,0,False,False,partition_2_h,16162354
native,FORCE_2_PHASES,RHO,False,16,13107200.0,52428800.0,0,False,False,partition_2_c,36872242
native,FORCE_2_PHASES,RHO,False,16,13107200.0,52428800.0,0,False,False,join_total,27453076
native,FORCE_2_PHASES,RHO,False,16,13107200.0,52428800.0,0,False,False,build,5975912
native,FORCE_2_PHASES,RHO,False,16,13107200.0,52428800.0,0,False,False,probe,21507944
native,FORCE_2_PHASES,RHO,False,16,13107200.0,52428800.0,0,False,False,throughput,1297.72
native,FORCE_2_PHASES,RHO,False,16,13107200.0,52428800.0,0,False,False,total,146454840
native,FORCE_2_PHASES,RHO,False,16,13107200.0,52428800.0,0,False,False,partition,118008708
native,FORCE_2_PHASES,RHO,False,16,13107200.0,52428800.0,0,False,False,partition_1,65075704
native,FORCE_2_PHASES,RHO,False,16,13107200.0,52428800.0,0,False,False,partition_r,16223898
native,FORCE_2_PHASES,RHO,False,16,13107200.0,52428800.0,0,False,False,partition_s,48466788
native,FORCE_2_PHASES,RHO,False,16,13107200.0,52428800.0,0,False,False,partition_2,52932678
native,FORCE_2_PHASES,RHO,False,16,13107200.0,52428800.0,0,False,False,partition_2_h,16070994
native,FORCE_2_PHASES,RHO,False,16,13107200.0,52428800.0,0,False,False,partition_2_c,36939852
native,FORCE_2_PHASES,RHO,False,16,13107200.0,52428800.0,0,False,False,join_total,28445630
native,FORCE_2_PHASES,RHO,False,16,13107200.0,52428800.0,0,False,False,build,7337750
native,FORCE_2_PHASES,RHO,False,16,13107200.0,52428800.0,0,False,False,probe,22001722
native,FORCE_2_PHASES,RHO,False,16,13107200.0,52428800.0,0,False,False,throughput,1158.58
native,FORCE_2_PHASES,RHO,False,16,13107200.0,52428800.0,0,False,False,total,164043638
native,FORCE_2_PHASES,RHO,False,16,13107200.0,52428800.0,0,False,False,partition,137200882
native,FORCE_2_PHASES,RHO,False,16,13107200.0,52428800.0,0,False,False,partition_1,65053838
native,FORCE_2_PHASES,RHO,False,16,13107200.0,52428800.0,0,False,False,partition_r,16443232
native,FORCE_2_PHASES,RHO,False,16,13107200.0,52428800.0,0,False,False,partition_s,48426256
native,FORCE_2_PHASES,RHO,False,16,13107200.0,52428800.0,0,False,False,partition_2,72146790
native,FORCE_2_PHASES,RHO,False,16,13107200.0,52428800.0,0,False,False,partition_2_h,43505178
native,FORCE_2_PHASES,RHO,False,16,13107200.0,52428800.0,0,False,False,partition_2_c,36329672
native,FORCE_2_PHASES,RHO,False,16,13107200.0,52428800.0,0,False,False,join_total,26841816
native,FORCE_2_PHASES,RHO,False,16,13107200.0,52428800.0,0,False,False,build,5823218
native,FORCE_2_PHASES,RHO,False,16,13107200.0,52428800.0,0,False,False,probe,20798444
native,FORCE_2_PHASES,RHO,False,16,13107200.0,52428800.0,0,False,False,throughput,1300.11
native,FORCE_2_PHASES,RHO,False,16,13107200.0,52428800.0,0,False,False,total,146184740
native,FORCE_2_PHASES,RHO,False,16,13107200.0,52428800.0,0,False,False,partition,118378508
native,FORCE_2_PHASES,RHO,False,16,13107200.0,52428800.0,0,False,False,partition_1,65282074
native,FORCE_2_PHASES,RHO,False,16,13107200.0,52428800.0,0,False,False,partition_r,16321268
native,FORCE_2_PHASES,RHO,False,16,13107200.0,52428800.0,0,False,False,partition_s,48483386
native,FORCE_2_PHASES,RHO,False,16,13107200.0,52428800.0,0,False,False,partition_2,53096034
native,FORCE_2_PHASES,RHO,False,16,13107200.0,52428800.0,0,False,False,partition_2_h,16228382
native,FORCE_2_PHASES,RHO,False,16,13107200.0,52428800.0,0,False,False,partition_2_c,37016344
native,FORCE_2_PHASES,RHO,False,16,13107200.0,52428800.0,0,False,False,join_total,27805270
native,FORCE_2_PHASES,RHO,False,16,13107200.0,52428800.0,0,False,False,build,7393604
native,FORCE_2_PHASES,RHO,False,16,13107200.0,52428800.0,0,False,False,probe,21619632
native,FORCE_2_PHASES,RHO,False,16,13107200.0,52428800.0,0,False,False,throughput,1297.85
native,FORCE_2_PHASES,RHO,False,16,13107200.0,52428800.0,0,False,False,total,146439404
native,FORCE_2_PHASES,RHO,False,16,13107200.0,52428800.0,0,False,False,partition,118507434
native,FORCE_2_PHASES,RHO,False,16,13107200.0,52428800.0,0,False,False,partition_1,65546928
native,FORCE_2_PHASES,RHO,False,16,13107200.0,52428800.0,0,False,False,partition_r,16331754
native,FORCE_2_PHASES,RHO,False,16,13107200.0,52428800.0,0,False,False,partition_s,48883008
native,FORCE_2_PHASES,RHO,False,16,13107200.0,52428800.0,0,False,False,partition_2,52959838
native,FORCE_2_PHASES,RHO,False,16,13107200.0,52428800.0,0,False,False,partition_2_h,16158800
native,FORCE_2_PHASES,RHO,False,16,13107200.0,52428800.0,0,False,False,partition_2_c,37115436
native,FORCE_2_PHASES,RHO,False,16,13107200.0,52428800.0,0,False,False,join_total,27930738
native,FORCE_2_PHASES,RHO,False,16,13107200.0,52428800.0,0,False,False,build,6150350
native,FORCE_2_PHASES,RHO,False,16,13107200.0,52428800.0,0,False,False,probe,21461076
native,FORCE_2_PHASES,RHO,False,16,13107200.0,52428800.0,0,False,False,throughput,1295.05
native,FORCE_2_PHASES,RHO,False,16,13107200.0,52428800.0,0,False,False,total,146756166
native,FORCE_2_PHASES,RHO,False,16,13107200.0,52428800.0,0,False,False,partition,118229202
native,FORCE_2_PHASES,RHO,False,16,13107200.0,52428800.0,0,False,False,partition_1,65319326
native,FORCE_2_PHASES,RHO,False,16,13107200.0,52428800.0,0,False,False,partition_r,16688534
native,FORCE_2_PHASES,RHO,False,16,13107200.0,52428800.0,0,False,False,partition_s,48176164
native,FORCE_2_PHASES,RHO,False,16,13107200.0,52428800.0,0,False,False,partition_2,52909660
native,FORCE_2_PHASES,RHO,False,16,13107200.0,52428800.0,0,False,False,partition_2_h,16072940
native,FORCE_2_PHASES,RHO,False,16,13107200.0,52428800.0,0,False,False,partition_2_c,36840588
native,FORCE_2_PHASES,RHO,False,16,13107200.0,52428800.0,0,False,False,join_total,28525978
native,FORCE_2_PHASES,RHO,False,16,13107200.0,52428800.0,0,False,False,build,8479062
native,FORCE_2_PHASES,RHO,False,16,13107200.0,52428800.0,0,False,False,probe,22984338
native,FORCE_2_PHASES,CRKJ,False,16,13107200.0,52428800.0,0,False,False,throughput,60.42
native,FORCE_2_PHASES,CRKJ,False,16,13107200.0,52428800.0,0,False,False,throughput,60.74
native,FORCE_2_PHASES,CRKJ,False,16,13107200.0,52428800.0,0,False,False,throughput,60.64
native,FORCE_2_PHASES,CRKJ,False,16,13107200.0,52428800.0,0,False,False,throughput,60.92
native,FORCE_2_PHASES,CRKJ,False,16,13107200.0,52428800.0,0,False,False,throughput,61.05
native,FORCE_2_PHASES,CRKJ,False,16,13107200.0,52428800.0,0,False,False,throughput,61.02
native,FORCE_2_PHASES,CRKJ,False,16,13107200.0,52428800.0,0,False,False,throughput,60.98
native,FORCE_2_PHASES,CRKJ,False,16,13107200.0,52428800.0,0,False,False,throughput,60.8
native,FORCE_2_PHASES,CRKJ,False,16,13107200.0,52428800.0,0,False,False,throughput,60.47
native,FORCE_2_PHASES,CRKJ,False,16,13107200.0,52428800.0,0,False,False,throughput,61.13
native,FORCE_2_PHASES,RHO,False,16,13107200.0,52428800.0,0,False,True,throughput,757.62
native,FORCE_2_PHASES,RHO,False,16,13107200.0,52428800.0,0,False,True,total,250857908
native,FORCE_2_PHASES,RHO,False,16,13107200.0,52428800.0,0,False,True,partition,218137318
native,FORCE_2_PHASES,RHO,False,16,13107200.0,52428800.0,0,False,True,partition_1,109124660
native,FORCE_2_PHASES,RHO,False,16,13107200.0,52428800.0,0,False,True,partition_r,37573332
native,FORCE_2_PHASES,RHO,False,16,13107200.0,52428800.0,0,False,True,partition_s,71464582
native,FORCE_2_PHASES,RHO,False,16,13107200.0,52428800.0,0,False,True,partition_2,109011770
native,FORCE_2_PHASES,RHO,False,16,13107200.0,52428800.0,0,False,True,partition_2_h,37974376
native,FORCE_2_PHASES,RHO,False,16,13107200.0,52428800.0,0,False,True,partition_2_c,70838346
native,FORCE_2_PHASES,RHO,False,16,13107200.0,52428800.0,0,False,True,join_total,32720050
native,FORCE_2_PHASES,RHO,False,16,13107200.0,52428800.0,0,False,True,build,12905360
native,FORCE_2_PHASES,RHO,False,16,13107200.0,52428800.0,0,False,True,probe,21024920
native,FORCE_2_PHASES,RHO,False,16,13107200.0,52428800.0,0,False,True,throughput,761.44
native,FORCE_2_PHASES,RHO,False,16,13107200.0,52428800.0,0,False,True,total,249601106
native,FORCE_2_PHASES,RHO,False,16,13107200.0,52428800.0,0,False,True,partition,217430450
native,FORCE_2_PHASES,RHO,False,16,13107200.0,52428800.0,0,False,True,partition_1,108426254
native,FORCE_2_PHASES,RHO,False,16,13107200.0,52428800.0,0,False,True,partition_r,37579482
native,FORCE_2_PHASES,RHO,False,16,13107200.0,52428800.0,0,False,True,partition_s,70762812
native,FORCE_2_PHASES,RHO,False,16,13107200.0,52428800.0,0,False,True,partition_2,109003976
native,FORCE_2_PHASES,RHO,False,16,13107200.0,52428800.0,0,False,True,partition_2_h,37819224
native,FORCE_2_PHASES,RHO,False,16,13107200.0,52428800.0,0,False,True,partition_2_c,70829976
native,FORCE_2_PHASES,RHO,False,16,13107200.0,52428800.0,0,False,True,join_total,32169940
native,FORCE_2_PHASES,RHO,False,16,13107200.0,52428800.0,0,False,True,build,10706648
native,FORCE_2_PHASES,RHO,False,16,13107200.0,52428800.0,0,False,True,probe,21258344
native,FORCE_2_PHASES,RHO,False,16,13107200.0,52428800.0,0,False,True,throughput,758.04
native,FORCE_2_PHASES,RHO,False,16,13107200.0,52428800.0,0,False,True,total,250722220
native,FORCE_2_PHASES,RHO,False,16,13107200.0,52428800.0,0,False,True,partition,217392266
native,FORCE_2_PHASES,RHO,False,16,13107200.0,52428800.0,0,False,True,partition_1,108581964
native,FORCE_2_PHASES,RHO,False,16,13107200.0,52428800.0,0,False,True,partition_r,37774616
native,FORCE_2_PHASES,RHO,False,16,13107200.0,52428800.0,0,False,True,partition_s,70737530
native,FORCE_2_PHASES,RHO,False,16,13107200.0,52428800.0,0,False,True,partition_2,108809610
native,FORCE_2_PHASES,RHO,False,16,13107200.0,52428800.0,0,False,True,partition_2_h,37637392
native,FORCE_2_PHASES,RHO,False,16,13107200.0,52428800.0,0,False,True,partition_2_c,70688036
native,FORCE_2_PHASES,RHO,False,16,13107200.0,52428800.0,0,False,True,join_total,33329130
native,FORCE_2_PHASES,RHO,False,16,13107200.0,52428800.0,0,False,True,build,12946408
native,FORCE_2_PHASES,RHO,False,16,13107200.0,52428800.0,0,False,True,probe,21943226
native,FORCE_2_PHASES,RHO,False,16,13107200.0,52428800.0,0,False,True,throughput,761.01
native,FORCE_2_PHASES,RHO,False,16,13107200.0,52428800.0,0,False,True,total,249739586
native,FORCE_2_PHASES,RHO,False,16,13107200.0,52428800.0,0,False,True,partition,217648566
native,FORCE_2_PHASES,RHO,False,16,13107200.0,52428800.0,0,False,True,partition_1,108402350
native,FORCE_2_PHASES,RHO,False,16,13107200.0,52428800.0,0,False,True,partition_r,37675890
native,FORCE_2_PHASES,RHO,False,16,13107200.0,52428800.0,0,False,True,partition_s,70650734
native,FORCE_2_PHASES,RHO,False,16,13107200.0,52428800.0,0,False,True,partition_2,109245432
native,FORCE_2_PHASES,RHO,False,16,13107200.0,52428800.0,0,False,True,partition_2_h,37670064
native,FORCE_2_PHASES,RHO,False,16,13107200.0,52428800.0,0,False,True,partition_2_c,70734288
native,FORCE_2_PHASES,RHO,False,16,13107200.0,52428800.0,0,False,True,join_total,32090086
native,FORCE_2_PHASES,RHO,False,16,13107200.0,52428800.0,0,False,True,build,11771326
native,FORCE_2_PHASES,RHO,False,16,13107200.0,52428800.0,0,False,True,probe,21252696
native,FORCE_2_PHASES,RHO,False,16,13107200.0,52428800.0,0,False,True,throughput,762.19
native,FORCE_2_PHASES,RHO,False,16,13107200.0,52428800.0,0,False,True,total,249355846
native,FORCE_2_PHASES,RHO,False,16,13107200.0,52428800.0,0,False,True,partition,217626854
native,FORCE_2_PHASES,RHO,False,16,13107200.0,52428800.0,0,False,True,partition_1,108463752
native,FORCE_2_PHASES,RHO,False,16,13107200.0,52428800.0,0,False,True,partition_r,37699566
native,FORCE_2_PHASES,RHO,False,16,13107200.0,52428800.0,0,False,True,partition_s,70691124
native,FORCE_2_PHASES,RHO,False,16,13107200.0,52428800.0,0,False,True,partition_2,109162486
native,FORCE_2_PHASES,RHO,False,16,13107200.0,52428800.0,0,False,True,partition_2_h,37579568
native,FORCE_2_PHASES,RHO,False,16,13107200.0,52428800.0,0,False,True,partition_2_c,70800842
native,FORCE_2_PHASES,RHO,False,16,13107200.0,52428800.0,0,False,True,join_total,31727634
native,FORCE_2_PHASES,RHO,False,16,13107200.0,52428800.0,0,False,True,build,10721450
native,FORCE_2_PHASES,RHO,False,16,13107200.0,52428800.0,0,False,True,probe,20640960
native,FORCE_2_PHASES,RHO,False,16,13107200.0,52428800.0,0,False,True,throughput,754.75
native,FORCE_2_PHASES,RHO,False,16,13107200.0,52428800.0,0,False,True,total,251810228
native,FORCE_2_PHASES,RHO,False,16,13107200.0,52428800.0,0,False,True,partition,217527548
native,FORCE_2_PHASES,RHO,False,16,13107200.0,52428800.0,0,False,True,partition_1,108400010
native,FORCE_2_PHASES,RHO,False,16,13107200.0,52428800.0,0,False,True,partition_r,37622844
native,FORCE_2_PHASES,RHO,False,16,13107200.0,52428800.0,0,False,True,partition_s,70695664
native,FORCE_2_PHASES,RHO,False,16,13107200.0,52428800.0,0,False,True,partition_2,109127004
native,FORCE_2_PHASES,RHO,False,16,13107200.0,52428800.0,0,False,True,partition_2_h,37678578
native,FORCE_2_PHASES,RHO,False,16,13107200.0,52428800.0,0,False,True,partition_2_c,70643470
native,FORCE_2_PHASES,RHO,False,16,13107200.0,52428800.0,0,False,True,join_total,34281638
native,FORCE_2_PHASES,RHO,False,16,13107200.0,52428800.0,0,False,True,build,12572224
native,FORCE_2_PHASES,RHO,False,16,13107200.0,52428800.0,0,False,True,probe,22399638
native,FORCE_2_PHASES,RHO,False,16,13107200.0,52428800.0,0,False,True,throughput,760.58
native,FORCE_2_PHASES,RHO,False,16,13107200.0,52428800.0,0,False,True,total,249883168
native,FORCE_2_PHASES,RHO,False,16,13107200.0,52428800.0,0,False,True,partition,217577136
native,FORCE_2_PHASES,RHO,False,16,13107200.0,52428800.0,0,False,True,partition_1,108423262
native,FORCE_2_PHASES,RHO,False,16,13107200.0,52428800.0,0,False,True,partition_r,37580192
native,FORCE_2_PHASES,RHO,False,16,13107200.0,52428800.0,0,False,True,partition_s,70771830
native,FORCE_2_PHASES,RHO,False,16,13107200.0,52428800.0,0,False,True,partition_2,109153608
native,FORCE_2_PHASES,RHO,False,16,13107200.0,52428800.0,0,False,True,partition_2_h,37682490
native,FORCE_2_PHASES,RHO,False,16,13107200.0,52428800.0,0,False,True,partition_2_c,71508978
native,FORCE_2_PHASES,RHO,False,16,13107200.0,52428800.0,0,False,True,join_total,32305204
native,FORCE_2_PHASES,RHO,False,16,13107200.0,52428800.0,0,False,True,build,11319746
native,FORCE_2_PHASES,RHO,False,16,13107200.0,52428800.0,0,False,True,probe,21412328
native,FORCE_2_PHASES,RHO,False,16,13107200.0,52428800.0,0,False,True,throughput,756.59
native,FORCE_2_PHASES,RHO,False,16,13107200.0,52428800.0,0,False,True,total,251200718
native,FORCE_2_PHASES,RHO,False,16,13107200.0,52428800.0,0,False,True,partition,218175736
native,FORCE_2_PHASES,RHO,False,16,13107200.0,52428800.0,0,False,True,partition_1,109217472
native,FORCE_2_PHASES,RHO,False,16,13107200.0,52428800.0,0,False,True,partition_r,37686114
native,FORCE_2_PHASES,RHO,False,16,13107200.0,52428800.0,0,False,True,partition_s,71428784
native,FORCE_2_PHASES,RHO,False,16,13107200.0,52428800.0,0,False,True,partition_2,108957536
native,FORCE_2_PHASES,RHO,False,16,13107200.0,52428800.0,0,False,True,partition_2_h,37642340
native,FORCE_2_PHASES,RHO,False,16,13107200.0,52428800.0,0,False,True,partition_2_c,70666640
native,FORCE_2_PHASES,RHO,False,16,13107200.0,52428800.0,0,False,True,join_total,33024426
native,FORCE_2_PHASES,RHO,False,16,13107200.0,52428800.0,0,False,True,build,12848908
native,FORCE_2_PHASES,RHO,False,16,13107200.0,52428800.0,0,False,True,probe,21284934
native,FORCE_2_PHASES,RHO,False,16,13107200.0,52428800.0,0,False,True,throughput,759.69
native,FORCE_2_PHASES,RHO,False,16,13107200.0,52428800.0,0,False,True,total,250175412
native,FORCE_2_PHASES,RHO,False,16,13107200.0,52428800.0,0,False,True,partition,217645320
native,FORCE_2_PHASES,RHO,False,16,13107200.0,52428800.0,0,False,True,partition_1,108410524
native,FORCE_2_PHASES,RHO,False,16,13107200.0,52428800.0,0,False,True,partition_r,37637748
native,FORCE_2_PHASES,RHO,False,16,13107200.0,52428800.0,0,False,True,partition_s,70685536
native,FORCE_2_PHASES,RHO,False,16,13107200.0,52428800.0,0,False,True,partition_2,109234252
native,FORCE_2_PHASES,RHO,False,16,13107200.0,52428800.0,0,False,True,partition_2_h,37677232
native,FORCE_2_PHASES,RHO,False,16,13107200.0,52428800.0,0,False,True,partition_2_c,70710838
native,FORCE_2_PHASES,RHO,False,16,13107200.0,52428800.0,0,False,True,join_total,32529658
native,FORCE_2_PHASES,RHO,False,16,13107200.0,52428800.0,0,False,True,build,12333890
native,FORCE_2_PHASES,RHO,False,16,13107200.0,52428800.0,0,False,True,probe,20940422
native,FORCE_2_PHASES,RHO,False,16,13107200.0,52428800.0,0,False,True,throughput,757.79
native,FORCE_2_PHASES,RHO,False,16,13107200.0,52428800.0,0,False,True,total,250801126
native,FORCE_2_PHASES,RHO,False,16,13107200.0,52428800.0,0,False,True,partition,217758434
native,FORCE_2_PHASES,RHO,False,16,13107200.0,52428800.0,0,False,True,partition_1,108467900
native,FORCE_2_PHASES,RHO,False,16,13107200.0,52428800.0,0,False,True,partition_r,37690278
native,FORCE_2_PHASES,RHO,False,16,13107200.0,52428800.0,0,False,True,partition_s,70680436
native,FORCE_2_PHASES,RHO,False,16,13107200.0,52428800.0,0,False,True,partition_2,109289098
native,FORCE_2_PHASES,RHO,False,16,13107200.0,52428800.0,0,False,True,partition_2_h,37593548
native,FORCE_2_PHASES,RHO,False,16,13107200.0,52428800.0,0,False,True,partition_2_c,70727948
native,FORCE_2_PHASES,RHO,False,16,13107200.0,52428800.0,0,False,True,join_total,33041806
native,FORCE_2_PHASES,RHO,False,16,13107200.0,52428800.0,0,False,True,build,13071378
native,FORCE_2_PHASES,RHO,False,16,13107200.0,52428800.0,0,False,True,probe,21476342
native,FORCE_2_PHASES,CRKJ,False,16,13107200.0,52428800.0,0,False,True,throughput,60.53
native,FORCE_2_PHASES,CRKJ,False,16,13107200.0,52428800.0,0,False,True,throughput,60.05
native,FORCE_2_PHASES,CRKJ,False,16,13107200.0,52428800.0,0,False,True,throughput,60.52
native,FORCE_2_PHASES,CRKJ,False,16,13107200.0,52428800.0,0,False,True,throughput,60.75
native,FORCE_2_PHASES,CRKJ,False,16,13107200.0,52428800.0,0,False,True,throughput,60.3
native,FORCE_2_PHASES,CRKJ,False,16,13107200.0,52428800.0,0,False,True,throughput,60.04
native,FORCE_2_PHASES,CRKJ,False,16,13107200.0,52428800.0,0,False,True,throughput,60.5
native,FORCE_2_PHASES,CRKJ,False,16,13107200.0,52428800.0,0,False,True,throughput,60.32
native,FORCE_2_PHASES,CRKJ,False,16,13107200.0,52428800.0,0,False,True,throughput,60.56
native,FORCE_2_PHASES,CRKJ,False,16,13107200.0,52428800.0,0,False,True,throughput,60.45
sgx,FORCE_2_PHASES,RHO,False,16,13107200.0,52428800.0,0,False,False,throughput,758.82
sgx,FORCE_2_PHASES,RHO,False,16,13107200.0,52428800.0,0,False,False,total,250463606
sgx,FORCE_2_PHASES,RHO,False,16,13107200.0,52428800.0,0,False,False,partition,220999466
sgx,FORCE_2_PHASES,RHO,False,16,13107200.0,52428800.0,0,False,False,partition_1,110443350
sgx,FORCE_2_PHASES,RHO,False,16,13107200.0,52428800.0,0,False,False,partition_r,37897572
sgx,FORCE_2_PHASES,RHO,False,16,13107200.0,52428800.0,0,False,False,partition_s,72240982
sgx,FORCE_2_PHASES,RHO,False,16,13107200.0,52428800.0,0,False,False,partition_2,110555576
sgx,FORCE_2_PHASES,RHO,False,16,13107200.0,52428800.0,0,False,False,partition_2_h,39169332
sgx,FORCE_2_PHASES,RHO,False,16,13107200.0,52428800.0,0,False,False,partition_2_c,71414616
sgx,FORCE_2_PHASES,RHO,False,16,13107200.0,52428800.0,0,False,False,join_total,29462774
sgx,FORCE_2_PHASES,RHO,False,16,13107200.0,52428800.0,0,False,False,build,8591958
sgx,FORCE_2_PHASES,RHO,False,16,13107200.0,52428800.0,0,False,False,probe,20230566
sgx,FORCE_2_PHASES,RHO,False,16,13107200.0,52428800.0,0,False,False,throughput,762.36
sgx,FORCE_2_PHASES,RHO,False,16,13107200.0,52428800.0,0,False,False,total,249299960
sgx,FORCE_2_PHASES,RHO,False,16,13107200.0,52428800.0,0,False,False,partition,220196632
sgx,FORCE_2_PHASES,RHO,False,16,13107200.0,52428800.0,0,False,False,partition_1,109542948
sgx,FORCE_2_PHASES,RHO,False,16,13107200.0,52428800.0,0,False,False,partition_r,37800652
sgx,FORCE_2_PHASES,RHO,False,16,13107200.0,52428800.0,0,False,False,partition_s,71485490
sgx,FORCE_2_PHASES,RHO,False,16,13107200.0,52428800.0,0,False,False,partition_2,110653270
sgx,FORCE_2_PHASES,RHO,False,16,13107200.0,52428800.0,0,False,False,partition_2_h,39300050
sgx,FORCE_2_PHASES,RHO,False,16,13107200.0,52428800.0,0,False,False,partition_2_c,71317838
sgx,FORCE_2_PHASES,RHO,False,16,13107200.0,52428800.0,0,False,False,join_total,29102114
sgx,FORCE_2_PHASES,RHO,False,16,13107200.0,52428800.0,0,False,False,build,8561446
sgx,FORCE_2_PHASES,RHO,False,16,13107200.0,52428800.0,0,False,False,probe,19985286
sgx,FORCE_2_PHASES,RHO,False,16,13107200.0,52428800.0,0,False,False,throughput,759.79
sgx,FORCE_2_PHASES,RHO,False,16,13107200.0,52428800.0,0,False,False,total,250139714
sgx,FORCE_2_PHASES,RHO,False,16,13107200.0,52428800.0,0,False,False,partition,220810208
sgx,FORCE_2_PHASES,RHO,False,16,13107200.0,52428800.0,0,False,False,partition_1,109754398
sgx,FORCE_2_PHASES,RHO,False,16,13107200.0,52428800.0,0,False,False,partition_r,37902310
sgx,FORCE_2_PHASES,RHO,False,16,13107200.0,52428800.0,0,False,False,partition_s,71527756
sgx,FORCE_2_PHASES,RHO,False,16,13107200.0,52428800.0,0,False,False,partition_2,111055334
sgx,FORCE_2_PHASES,RHO,False,16,13107200.0,52428800.0,0,False,False,partition_2_h,39807946
sgx,FORCE_2_PHASES,RHO,False,16,13107200.0,52428800.0,0,False,False,partition_2_c,71336444
sgx,FORCE_2_PHASES,RHO,False,16,13107200.0,52428800.0,0,False,False,join_total,29328410
sgx,FORCE_2_PHASES,RHO,False,16,13107200.0,52428800.0,0,False,False,build,8528258
sgx,FORCE_2_PHASES,RHO,False,16,13107200.0,52428800.0,0,False,False,probe,20030292
sgx,FORCE_2_PHASES,RHO,False,16,13107200.0,52428800.0,0,False,False,throughput,761.21
sgx,FORCE_2_PHASES,RHO,False,16,13107200.0,52428800.0,0,False,False,total,249678232
sgx,FORCE_2_PHASES,RHO,False,16,13107200.0,52428800.0,0,False,False,partition,220425248
sgx,FORCE_2_PHASES,RHO,False,16,13107200.0,52428800.0,0,False,False,partition_1,110259114
sgx,FORCE_2_PHASES,RHO,False,16,13107200.0,52428800.0,0,False,False,partition_r,37878256
sgx,FORCE_2_PHASES,RHO,False,16,13107200.0,52428800.0,0,False,False,partition_s,72112596
sgx,FORCE_2_PHASES,RHO,False,16,13107200.0,52428800.0,0,False,False,partition_2,110165596
sgx,FORCE_2_PHASES,RHO,False,16,13107200.0,52428800.0,0,False,False,partition_2_h,38892028
sgx,FORCE_2_PHASES,RHO,False,16,13107200.0,52428800.0,0,False,False,partition_2_c,71374990
sgx,FORCE_2_PHASES,RHO,False,16,13107200.0,52428800.0,0,False,False,join_total,29252500
sgx,FORCE_2_PHASES,RHO,False,16,13107200.0,52428800.0,0,False,False,build,8604436
sgx,FORCE_2_PHASES,RHO,False,16,13107200.0,52428800.0,0,False,False,probe,20044236
sgx,FORCE_2_PHASES,RHO,False,16,13107200.0,52428800.0,0,False,False,throughput,761.38
sgx,FORCE_2_PHASES,RHO,False,16,13107200.0,52428800.0,0,False,False,total,249618270
sgx,FORCE_2_PHASES,RHO,False,16,13107200.0,52428800.0,0,False,False,partition,220441014
sgx,FORCE_2_PHASES,RHO,False,16,13107200.0,52428800.0,0,False,False,partition_1,109676646
sgx,FORCE_2_PHASES,RHO,False,16,13107200.0,52428800.0,0,False,False,partition_r,38015880
sgx,FORCE_2_PHASES,RHO,False,16,13107200.0,52428800.0,0,False,False,partition_s,71442350
sgx,FORCE_2_PHASES,RHO,False,16,13107200.0,52428800.0,0,False,False,partition_2,110763680
sgx,FORCE_2_PHASES,RHO,False,16,13107200.0,52428800.0,0,False,False,partition_2_h,39417042
sgx,FORCE_2_PHASES,RHO,False,16,13107200.0,52428800.0,0,False,False,partition_2_c,71305498
sgx,FORCE_2_PHASES,RHO,False,16,13107200.0,52428800.0,0,False,False,join_total,29176204
sgx,FORCE_2_PHASES,RHO,False,16,13107200.0,52428800.0,0,False,False,build,8607658
sgx,FORCE_2_PHASES,RHO,False,16,13107200.0,52428800.0,0,False,False,probe,19954464
sgx,FORCE_2_PHASES,RHO,False,16,13107200.0,52428800.0,0,False,False,throughput,762.22
sgx,FORCE_2_PHASES,RHO,False,16,13107200.0,52428800.0,0,False,False,total,249344434
sgx,FORCE_2_PHASES,RHO,False,16,13107200.0,52428800.0,0,False,False,partition,220157922
sgx,FORCE_2_PHASES,RHO,False,16,13107200.0,52428800.0,0,False,False,partition_1,109517164
sgx,FORCE_2_PHASES,RHO,False,16,13107200.0,52428800.0,0,False,False,partition_r,37719162
sgx,FORCE_2_PHASES,RHO,False,16,13107200.0,52428800.0,0,False,False,partition_s,71500478
sgx,FORCE_2_PHASES,RHO,False,16,13107200.0,52428800.0,0,False,False,partition_2,110640038
sgx,FORCE_2_PHASES,RHO,False,16,13107200.0,52428800.0,0,False,False,partition_2_h,39294254
sgx,FORCE_2_PHASES,RHO,False,16,13107200.0,52428800.0,0,False,False,partition_2_c,71411196
sgx,FORCE_2_PHASES,RHO,False,16,13107200.0,52428800.0,0,False,False,join_total,29185494
sgx,FORCE_2_PHASES,RHO,False,16,13107200.0,52428800.0,0,False,False,build,8505156
sgx,FORCE_2_PHASES,RHO,False,16,13107200.0,52428800.0,0,False,False,probe,20040102
sgx,FORCE_2_PHASES,RHO,False,16,13107200.0,52428800.0,0,False,False,throughput,761.41
sgx,FORCE_2_PHASES,RHO,False,16,13107200.0,52428800.0,0,False,False,total,249610148
sgx,FORCE_2_PHASES,RHO,False,16,13107200.0,52428800.0,0,False,False,partition,220405284
sgx,FORCE_2_PHASES,RHO,False,16,13107200.0,52428800.0,0,False,False,partition_1,109572670
sgx,FORCE_2_PHASES,RHO,False,16,13107200.0,52428800.0,0,False,False,partition_r,37908950
sgx,FORCE_2_PHASES,RHO,False,16,13107200.0,52428800.0,0,False,False,partition_s,71421286
sgx,FORCE_2_PHASES,RHO,False,16,13107200.0,52428800.0,0,False,False,partition_2,110832082
sgx,FORCE_2_PHASES,RHO,False,16,13107200.0,52428800.0,0,False,False,partition_2_h,39548540
sgx,FORCE_2_PHASES,RHO,False,16,13107200.0,52428800.0,0,False,False,partition_2_c,71355932
sgx,FORCE_2_PHASES,RHO,False,16,13107200.0,52428800.0,0,False,False,join_total,29203756
sgx,FORCE_2_PHASES,RHO,False,16,13107200.0,52428800.0,0,False,False,build,8625944
sgx,FORCE_2_PHASES,RHO,False,16,13107200.0,52428800.0,0,False,False,probe,19938826
sgx,FORCE_2_PHASES,RHO,False,16,13107200.0,52428800.0,0,False,False,throughput,761.29
sgx,FORCE_2_PHASES,RHO,False,16,13107200.0,52428800.0,0,False,False,total,249651732
sgx,FORCE_2_PHASES,RHO,False,16,13107200.0,52428800.0,0,False,False,partition,220465442
sgx,FORCE_2_PHASES,RHO,False,16,13107200.0,52428800.0,0,False,False,partition_1,109731626
sgx,FORCE_2_PHASES,RHO,False,16,13107200.0,52428800.0,0,False,False,partition_r,37756986
sgx,FORCE_2_PHASES,RHO,False,16,13107200.0,52428800.0,0,False,False,partition_s,71648262
sgx,FORCE_2_PHASES,RHO,False,16,13107200.0,52428800.0,0,False,False,partition_2,110733276
sgx,FORCE_2_PHASES,RHO,False,16,13107200.0,52428800.0,0,False,False,partition_2_h,39404004
sgx,FORCE_2_PHASES,RHO,False,16,13107200.0,52428800.0,0,False,False,partition_2_c,71335986
sgx,FORCE_2_PHASES,RHO,False,16,13107200.0,52428800.0,0,False,False,join_total,29185028
sgx,FORCE_2_PHASES,RHO,False,16,13107200.0,52428800.0,0,False,False,build,8566628
sgx,FORCE_2_PHASES,RHO,False,16,13107200.0,52428800.0,0,False,False,probe,20030950
sgx,FORCE_2_PHASES,RHO,False,16,13107200.0,52428800.0,0,False,False,throughput,762.79
sgx,FORCE_2_PHASES,RHO,False,16,13107200.0,52428800.0,0,False,False,total,249157464
sgx,FORCE_2_PHASES,RHO,False,16,13107200.0,52428800.0,0,False,False,partition,220181598
sgx,FORCE_2_PHASES,RHO,False,16,13107200.0,52428800.0,0,False,False,partition_1,109560792
sgx,FORCE_2_PHASES,RHO,False,16,13107200.0,52428800.0,0,False,False,partition_r,37836934
sgx,FORCE_2_PHASES,RHO,False,16,13107200.0,52428800.0,0,False,False,partition_s,71544342
sgx,FORCE_2_PHASES,RHO,False,16,13107200.0,52428800.0,0,False,False,partition_2,110620286
sgx,FORCE_2_PHASES,RHO,False,16,13107200.0,52428800.0,0,False,False,partition_2_h,39290226
sgx,FORCE_2_PHASES,RHO,False,16,13107200.0,52428800.0,0,False,False,partition_2_c,71892714
sgx,FORCE_2_PHASES,RHO,False,16,13107200.0,52428800.0,0,False,False,join_total,28974692
sgx,FORCE_2_PHASES,RHO,False,16,13107200.0,52428800.0,0,False,False,build,8535964
sgx,FORCE_2_PHASES,RHO,False,16,13107200.0,52428800.0,0,False,False,probe,19875398
sgx,FORCE_2_PHASES,RHO,False,16,13107200.0,52428800.0,0,False,False,throughput,759.13
sgx,FORCE_2_PHASES,RHO,False,16,13107200.0,52428800.0,0,False,False,total,250357454
sgx,FORCE_2_PHASES,RHO,False,16,13107200.0,52428800.0,0,False,False,partition,221269138
sgx,FORCE_2_PHASES,RHO,False,16,13107200.0,52428800.0,0,False,False,partition_1,109490090
sgx,FORCE_2_PHASES,RHO,False,16,13107200.0,52428800.0,0,False,False,partition_r,37809032
sgx,FORCE_2_PHASES,RHO,False,16,13107200.0,52428800.0,0,False,False,partition_s,71490916
sgx,FORCE_2_PHASES,RHO,False,16,13107200.0,52428800.0,0,False,False,partition_2,111778754
sgx,FORCE_2_PHASES,RHO,False,16,13107200.0,52428800.0,0,False,False,partition_2_h,40443914
sgx,FORCE_2_PHASES,RHO,False,16,13107200.0,52428800.0,0,False,False,partition_2_c,71420082
sgx,FORCE_2_PHASES,RHO,False,16,13107200.0,52428800.0,0,False,False,join_total,29087668
sgx,FORCE_2_PHASES,RHO,False,16,13107200.0,52428800.0,0,False,False,build,8618518
sgx,FORCE_2_PHASES,RHO,False,16,13107200.0,52428800.0,0,False,False,probe,19770712
sgx,FORCE_2_PHASES,CRKJ,False,16,13107200.0,52428800.0,0,False,False,throughput,59.25
sgx,FORCE_2_PHASES,CRKJ,False,16,13107200.0,52428800.0,0,False,False,throughput,59.55
sgx,FORCE_2_PHASES,CRKJ,False,16,13107200.0,52428800.0,0,False,False,throughput,59.67
sgx,FORCE_2_PHASES,CRKJ,False,16,13107200.0,52428800.0,0,False,False,throughput,59.43
sgx,FORCE_2_PHASES,CRKJ,False,16,13107200.0,52428800.0,0,False,False,throughput,59.17
sgx,FORCE_2_PHASES,CRKJ,False,16,13107200.0,52428800.0,0,False,False,throughput,59.64
sgx,FORCE_2_PHASES,CRKJ,False,16,13107200.0,52428800.0,0,False,False,throughput,59.42
sgx,FORCE_2_PHASES,CRKJ,False,16,13107200.0,52428800.0,0,False,False,throughput,59.56
sgx,FORCE_2_PHASES,CRKJ,False,16,13107200.0,52428800.0,0,False,False,throughput,59.25
sgx,FORCE_2_PHASES,CRKJ,False,16,13107200.0,52428800.0,0,False,False,throughput,59.38
sgx,FORCE_2_PHASES,RHO,False,16,13107200.0,52428800.0,0,False,True,throughput,761.83
sgx,FORCE_2_PHASES,RHO,False,16,13107200.0,52428800.0,0,False,True,total,249474842
sgx,FORCE_2_PHASES,RHO,False,16,13107200.0,52428800.0,0,False,True,partition,220318172
sgx,FORCE_2_PHASES,RHO,False,16,13107200.0,52428800.0,0,False,True,partition_1,109477260
sgx,FORCE_2_PHASES,RHO,False,16,13107200.0,52428800.0,0,False,True,partition_r,37894976
sgx,FORCE_2_PHASES,RHO,False,16,13107200.0,52428800.0,0,False,True,partition_s,71340252
sgx,FORCE_2_PHASES,RHO,False,16,13107200.0,52428800.0,0,False,True,partition_2,110840214
sgx,FORCE_2_PHASES,RHO,False,16,13107200.0,52428800.0,0,False,True,partition_2_h,39480722
sgx,FORCE_2_PHASES,RHO,False,16,13107200.0,52428800.0,0,False,True,partition_2_c,71350606
sgx,FORCE_2_PHASES,RHO,False,16,13107200.0,52428800.0,0,False,True,join_total,29155728
sgx,FORCE_2_PHASES,RHO,False,16,13107200.0,52428800.0,0,False,True,build,8518796
sgx,FORCE_2_PHASES,RHO,False,16,13107200.0,52428800.0,0,False,True,probe,20013110
sgx,FORCE_2_PHASES,RHO,False,16,13107200.0,52428800.0,0,False,True,throughput,758.65
sgx,FORCE_2_PHASES,RHO,False,16,13107200.0,52428800.0,0,False,True,total,250518648
sgx,FORCE_2_PHASES,RHO,False,16,13107200.0,52428800.0,0,False,True,partition,221140012
sgx,FORCE_2_PHASES,RHO,False,16,13107200.0,52428800.0,0,False,True,partition_1,110561082
sgx,FORCE_2_PHASES,RHO,False,16,13107200.0,52428800.0,0,False,True,partition_r,37878446
sgx,FORCE_2_PHASES,RHO,False,16,13107200.0,52428800.0,0,False,True,partition_s,72181934
sgx,FORCE_2_PHASES,RHO,False,16,13107200.0,52428800.0,0,False,True,partition_2,110578344
sgx,FORCE_2_PHASES,RHO,False,16,13107200.0,52428800.0,0,False,True,partition_2_h,39243994
sgx,FORCE_2_PHASES,RHO,False,16,13107200.0,52428800.0,0,False,True,partition_2_c,71423496
sgx,FORCE_2_PHASES,RHO,False,16,13107200.0,52428800.0,0,False,True,join_total,29377382
sgx,FORCE_2_PHASES,RHO,False,16,13107200.0,52428800.0,0,False,True,build,8572388
sgx,FORCE_2_PHASES,RHO,False,16,13107200.0,52428800.0,0,False,True,probe,20200946
sgx,FORCE_2_PHASES,RHO,False,16,13107200.0,52428800.0,0,False,True,throughput,704.94
sgx,FORCE_2_PHASES,RHO,False,16,13107200.0,52428800.0,0,False,True,total,269606732
sgx,FORCE_2_PHASES,RHO,False,16,13107200.0,52428800.0,0,False,True,partition,240274516
sgx,FORCE_2_PHASES,RHO,False,16,13107200.0,52428800.0,0,False,True,partition_1,129530604
sgx,FORCE_2_PHASES,RHO,False,16,13107200.0,52428800.0,0,False,True,partition_r,37867728
sgx,FORCE_2_PHASES,RHO,False,16,13107200.0,52428800.0,0,False,True,partition_s,91479704
sgx,FORCE_2_PHASES,RHO,False,16,13107200.0,52428800.0,0,False,True,partition_2,110747548
sgx,FORCE_2_PHASES,RHO,False,16,13107200.0,52428800.0,0,False,True,partition_2_h,39342208
sgx,FORCE_2_PHASES,RHO,False,16,13107200.0,52428800.0,0,False,True,partition_2_c,71611938
sgx,FORCE_2_PHASES,RHO,False,16,13107200.0,52428800.0,0,False,True,join_total,29327378
sgx,FORCE_2_PHASES,RHO,False,16,13107200.0,52428800.0,0,False,True,build,8604644
sgx,FORCE_2_PHASES,RHO,False,16,13107200.0,52428800.0,0,False,True,probe,20192008
sgx,FORCE_2_PHASES,RHO,False,16,13107200.0,52428800.0,0,False,True,throughput,761.05
sgx,FORCE_2_PHASES,RHO,False,16,13107200.0,52428800.0,0,False,True,total,249729288
sgx,FORCE_2_PHASES,RHO,False,16,13107200.0,52428800.0,0,False,True,partition,220778200
sgx,FORCE_2_PHASES,RHO,False,16,13107200.0,52428800.0,0,False,True,partition_1,109536394
sgx,FORCE_2_PHASES,RHO,False,16,13107200.0,52428800.0,0,False,True,partition_r,37776102
sgx,FORCE_2_PHASES,RHO,False,16,13107200.0,52428800.0,0,False,True,partition_s,71479818
sgx,FORCE_2_PHASES,RHO,False,16,13107200.0,52428800.0,0,False,True,partition_2,111241148
sgx,FORCE_2_PHASES,RHO,False,16,13107200.0,52428800.0,0,False,True,partition_2_h,39885120
sgx,FORCE_2_PHASES,RHO,False,16,13107200.0,52428800.0,0,False,True,partition_2_c,71340778
sgx,FORCE_2_PHASES,RHO,False,16,13107200.0,52428800.0,0,False,True,join_total,28950310
sgx,FORCE_2_PHASES,RHO,False,16,13107200.0,52428800.0,0,False,True,build,8529012
sgx,FORCE_2_PHASES,RHO,False,16,13107200.0,52428800.0,0,False,True,probe,19885090
sgx,FORCE_2_PHASES,RHO,False,16,13107200.0,52428800.0,0,False,True,throughput,760.98
sgx,FORCE_2_PHASES,RHO,False,16,13107200.0,52428800.0,0,False,True,total,249753772
sgx,FORCE_2_PHASES,RHO,False,16,13107200.0,52428800.0,0,False,True,partition,220456904
sgx,FORCE_2_PHASES,RHO,False,16,13107200.0,52428800.0,0,False,True,partition_1,109517906
sgx,FORCE_2_PHASES,RHO,False,16,13107200.0,52428800.0,0,False,True,partition_r,37808820
sgx,FORCE_2_PHASES,RHO,False,16,13107200.0,52428800.0,0,False,True,partition_s,71422448
sgx,FORCE_2_PHASES,RHO,False,16,13107200.0,52428800.0,0,False,True,partition_2,110938330
sgx,FORCE_2_PHASES,RHO,False,16,13107200.0,52428800.0,0,False,True,partition_2_h,39558382
sgx,FORCE_2_PHASES,RHO,False,16,13107200.0,52428800.0,0,False,True,partition_2_c,71338962
sgx,FORCE_2_PHASES,RHO,False,16,13107200.0,52428800.0,0,False,True,join_total,29295048
sgx,FORCE_2_PHASES,RHO,False,16,13107200.0,52428800.0,0,False,True,build,8626738
sgx,FORCE_2_PHASES,RHO,False,16,13107200.0,52428800.0,0,False,True,probe,19958744
sgx,FORCE_2_PHASES,RHO,False,16,13107200.0,52428800.0,0,False,True,throughput,758.94
sgx,FORCE_2_PHASES,RHO,False,16,13107200.0,52428800.0,0,False,True,total,250421692
sgx,FORCE_2_PHASES,RHO,False,16,13107200.0,52428800.0,0,False,True,partition,221434390
sgx,FORCE_2_PHASES,RHO,False,16,13107200.0,52428800.0,0,False,True,partition_1,110116870
sgx,FORCE_2_PHASES,RHO,False,16,13107200.0,52428800.0,0,False,True,partition_r,37881614
sgx,FORCE_2_PHASES,RHO,False,16,13107200.0,52428800.0,0,False,True,partition_s,72078154
sgx,FORCE_2_PHASES,RHO,False,16,13107200.0,52428800.0,0,False,True,partition_2,111316972
sgx,FORCE_2_PHASES,RHO,False,16,13107200.0,52428800.0,0,False,True,partition_2_h,39988066
sgx,FORCE_2_PHASES,RHO,False,16,13107200.0,52428800.0,0,False,True,partition_2_c,71312938
sgx,FORCE_2_PHASES,RHO,False,16,13107200.0,52428800.0,0,False,True,join_total,28986826
sgx,FORCE_2_PHASES,RHO,False,16,13107200.0,52428800.0,0,False,True,build,8529860
sgx,FORCE_2_PHASES,RHO,False,16,13107200.0,52428800.0,0,False,True,probe,19954150
sgx,FORCE_2_PHASES,RHO,False,16,13107200.0,52428800.0,0,False,True,throughput,761.79
sgx,FORCE_2_PHASES,RHO,False,16,13107200.0,52428800.0,0,False,True,total,249486234
sgx,FORCE_2_PHASES,RHO,False,16,13107200.0,52428800.0,0,False,True,partition,220339178
sgx,FORCE_2_PHASES,RHO,False,16,13107200.0,52428800.0,0,False,True,partition_1,109490240
sgx,FORCE_2_PHASES,RHO,False,16,13107200.0,52428800.0,0,False,True,partition_r,37768246
sgx,FORCE_2_PHASES,RHO,False,16,13107200.0,52428800.0,0,False,True,partition_s,71454018
sgx,FORCE_2_PHASES,RHO,False,16,13107200.0,52428800.0,0,False,True,partition_2,110848356
sgx,FORCE_2_PHASES,RHO,False,16,13107200.0,52428800.0,0,False,True,partition_2_h,39532628
sgx,FORCE_2_PHASES,RHO,False,16,13107200.0,52428800.0,0,False,True,partition_2_c,71334388
sgx,FORCE_2_PHASES,RHO,False,16,13107200.0,52428800.0,0,False,True,join_total,29146002
sgx,FORCE_2_PHASES,RHO,False,16,13107200.0,52428800.0,0,False,True,build,8599328
sgx,FORCE_2_PHASES,RHO,False,16,13107200.0,52428800.0,0,False,True,probe,19894698
sgx,FORCE_2_PHASES,RHO,False,16,13107200.0,52428800.0,0,False,True,throughput,761.91
sgx,FORCE_2_PHASES,RHO,False,16,13107200.0,52428800.0,0,False,True,total,249445004
sgx,FORCE_2_PHASES,RHO,False,16,13107200.0,52428800.0,0,False,True,partition,220304390
sgx,FORCE_2_PHASES,RHO,False,16,13107200.0,52428800.0,0,False,True,partition_1,109551094
sgx,FORCE_2_PHASES,RHO,False,16,13107200.0,52428800.0,0,False,True,partition_r,37853110
sgx,FORCE_2_PHASES,RHO,False,16,13107200.0,52428800.0,0,False,True,partition_s,71500702
sgx,FORCE_2_PHASES,RHO,False,16,13107200.0,52428800.0,0,False,True,partition_2,110752616
sgx,FORCE_2_PHASES,RHO,False,16,13107200.0,52428800.0,0,False,True,partition_2_h,39407472
sgx,FORCE_2_PHASES,RHO,False,16,13107200.0,52428800.0,0,False,True,partition_2_c,71348506
sgx,FORCE_2_PHASES,RHO,False,16,13107200.0,52428800.0,0,False,True,join_total,29139320
sgx,FORCE_2_PHASES,RHO,False,16,13107200.0,52428800.0,0,False,True,build,8557496
sgx,FORCE_2_PHASES,RHO,False,16,13107200.0,52428800.0,0,False,True,probe,19941452
sgx,FORCE_2_PHASES,RHO,False,16,13107200.0,52428800.0,0,False,True,throughput,762.37
sgx,FORCE_2_PHASES,RHO,False,16,13107200.0,52428800.0,0,False,True,total,249293412
sgx,FORCE_2_PHASES,RHO,False,16,13107200.0,52428800.0,0,False,True,partition,220202710
sgx,FORCE_2_PHASES,RHO,False,16,13107200.0,52428800.0,0,False,True,partition_1,109468640
sgx,FORCE_2_PHASES,RHO,False,16,13107200.0,52428800.0,0,False,True,partition_r,37845544
sgx,FORCE_2_PHASES,RHO,False,16,13107200.0,52428800.0,0,False,True,partition_s,71390678
sgx,FORCE_2_PHASES,RHO,False,16,13107200.0,52428800.0,0,False,True,partition_2,110733512
sgx,FORCE_2_PHASES,RHO,False,16,13107200.0,52428800.0,0,False,True,partition_2_h,39303444
sgx,FORCE_2_PHASES,RHO,False,16,13107200.0,52428800.0,0,False,True,partition_2_c,71383402
sgx,FORCE_2_PHASES,RHO,False,16,13107200.0,52428800.0,0,False,True,join_total,29089530
sgx,FORCE_2_PHASES,RHO,False,16,13107200.0,52428800.0,0,False,True,build,8592208
sgx,FORCE_2_PHASES,RHO,False,16,13107200.0,52428800.0,0,False,True,probe,19930086
sgx,FORCE_2_PHASES,RHO,False,16,13107200.0,52428800.0,0,False,True,throughput,761.68
sgx,FORCE_2_PHASES,RHO,False,16,13107200.0,52428800.0,0,False,True,total,249521212
sgx,FORCE_2_PHASES,RHO,False,16,13107200.0,52428800.0,0,False,True,partition,220211370
sgx,FORCE_2_PHASES,RHO,False,16,13107200.0,52428800.0,0,False,True,partition_1,109625798
sgx,FORCE_2_PHASES,RHO,False,16,13107200.0,52428800.0,0,False,True,partition_r,37886582
sgx,FORCE_2_PHASES,RHO,False,16,13107200.0,52428800.0,0,False,True,partition_s,71454568
sgx,FORCE_2_PHASES,RHO,False,16,13107200.0,52428800.0,0,False,True,partition_2,110583756
sgx,FORCE_2_PHASES,RHO,False,16,13107200.0,52428800.0,0,False,True,partition_2_h,39209040
sgx,FORCE_2_PHASES,RHO,False,16,13107200.0,52428800.0,0,False,True,partition_2_c,71415126
sgx,FORCE_2_PHASES,RHO,False,16,13107200.0,52428800.0,0,False,True,join_total,29308290
sgx,FORCE_2_PHASES,RHO,False,16,13107200.0,52428800.0,0,False,True,build,8494962
sgx,FORCE_2_PHASES,RHO,False,16,13107200.0,52428800.0,0,False,True,probe,20281050
sgx,FORCE_2_PHASES,CRKJ,False,16,13107200.0,52428800.0,0,False,True,throughput,59.46
sgx,FORCE_2_PHASES,CRKJ,False,16,13107200.0,52428800.0,0,False,True,throughput,59.43
sgx,FORCE_2_PHASES,CRKJ,False,16,13107200.0,52428800.0,0,False,True,throughput,59.32
sgx,FORCE_2_PHASES,CRKJ,False,16,13107200.0,52428800.0,0,False,True,throughput,59.8
sgx,FORCE_2_PHASES,CRKJ,False,16,13107200.0,52428800.0,0,False,True,throughput,59.38
sgx,FORCE_2_PHASES,CRKJ,False,16,13107200.0,52428800.0,0,False,True,throughput,59.28
sgx,FORCE_2_PHASES,CRKJ,False,16,13107200.0,52428800.0,0,False,True,throughput,59.32
sgx,FORCE_2_PHASES,CRKJ,False,16,13107200.0,52428800.0,0,False,True,throughput,59.47
sgx,FORCE_2_PHASES,CRKJ,False,16,13107200.0,52428800.0,0,False,True,throughput,59.61
sgx,FORCE_2_PHASES,CRKJ,False,16,13107200.0,52428800.0,0,False,True,throughput,59.33
