mode,lock,unroll,sort,part,alg,size_r,size_s,threads,measurement,value
native,mutex,scalar,scalar,normal,PHT,13107200.0,52428800.0,16,throughput,625.26
native,mutex,scalar,scalar,normal,PHT,13107200.0,52428800.0,16,total,303961572
native,mutex,scalar,scalar,normal,PHT,13107200.0,52428800.0,16,build,73919042
native,mutex,scalar,scalar,normal,PHT,13107200.0,52428800.0,16,probe,230042530
native,mutex,scalar,scalar,normal,PHT,13107200.0,52428800.0,16,throughput,625.96
native,mutex,scalar,scalar,normal,PHT,13107200.0,52428800.0,16,total,303621744
native,mutex,scalar,scalar,normal,PHT,13107200.0,52428800.0,16,build,73652294
native,mutex,scalar,scalar,normal,PHT,13107200.0,52428800.0,16,probe,229969450
native,mutex,scalar,scalar,normal,PHT,13107200.0,52428800.0,16,throughput,625.63
native,mutex,scalar,scalar,normal,PHT,13107200.0,52428800.0,16,total,303783142
native,mutex,scalar,scalar,normal,PHT,13107200.0,52428800.0,16,build,73703460
native,mutex,scalar,scalar,normal,PHT,13107200.0,52428800.0,16,probe,230079682
native,mutex,scalar,scalar,normal,PHT,13107200.0,52428800.0,16,throughput,625.67
native,mutex,scalar,scalar,normal,PHT,13107200.0,52428800.0,16,total,303761232
native,mutex,scalar,scalar,normal,PHT,13107200.0,52428800.0,16,build,73848914
native,mutex,scalar,scalar,normal,PHT,13107200.0,52428800.0,16,probe,229912318
native,mutex,scalar,scalar,normal,PHT,13107200.0,52428800.0,16,throughput,625.21
native,mutex,scalar,scalar,normal,PHT,13107200.0,52428800.0,16,total,303986540
native,mutex,scalar,scalar,normal,PHT,13107200.0,52428800.0,16,build,73946164
native,mutex,scalar,scalar,normal,PHT,13107200.0,52428800.0,16,probe,230040376
native,mutex,scalar,scalar,normal,PHT,13107200.0,52428800.0,16,throughput,626.13
native,mutex,scalar,scalar,normal,PHT,13107200.0,52428800.0,16,total,303538460
native,mutex,scalar,scalar,normal,PHT,13107200.0,52428800.0,16,build,73732656
native,mutex,scalar,scalar,normal,PHT,13107200.0,52428800.0,16,probe,229805804
native,mutex,scalar,scalar,normal,PHT,13107200.0,52428800.0,16,throughput,624.48
native,mutex,scalar,scalar,normal,PHT,13107200.0,52428800.0,16,total,304342788
native,mutex,scalar,scalar,normal,PHT,13107200.0,52428800.0,16,build,74237348
native,mutex,scalar,scalar,normal,PHT,13107200.0,52428800.0,16,probe,230105440
native,mutex,scalar,scalar,normal,PHT,13107200.0,52428800.0,16,throughput,625.71
native,mutex,scalar,scalar,normal,PHT,13107200.0,52428800.0,16,total,303744236
native,mutex,scalar,scalar,normal,PHT,13107200.0,52428800.0,16,build,73938420
native,mutex,scalar,scalar,normal,PHT,13107200.0,52428800.0,16,probe,229805816
native,mutex,scalar,scalar,normal,PHT,13107200.0,52428800.0,16,throughput,625.76
native,mutex,scalar,scalar,normal,PHT,13107200.0,52428800.0,16,total,303718852
native,mutex,scalar,scalar,normal,PHT,13107200.0,52428800.0,16,build,73747146
native,mutex,scalar,scalar,normal,PHT,13107200.0,52428800.0,16,probe,229971706
native,mutex,scalar,scalar,normal,PHT,13107200.0,52428800.0,16,throughput,624.87
native,mutex,scalar,scalar,normal,PHT,13107200.0,52428800.0,16,total,304151256
native,mutex,scalar,scalar,normal,PHT,13107200.0,52428800.0,16,build,73977286
native,mutex,scalar,scalar,normal,PHT,13107200.0,52428800.0,16,probe,230173970
native,mutex,scalar,scalar,normal,RHO,13107200.0,52428800.0,16,throughput,1294.95
native,mutex,scalar,scalar,normal,RHO,13107200.0,52428800.0,16,total,146766190
native,mutex,scalar,scalar,normal,RHO,13107200.0,52428800.0,16,partition,118651944
native,mutex,scalar,scalar,normal,RHO,13107200.0,52428800.0,16,partition_1,65535194
native,mutex,scalar,scalar,normal,RHO,13107200.0,52428800.0,16,partition_r,16638090
native,mutex,scalar,scalar,normal,RHO,13107200.0,52428800.0,16,partition_s,48284350
native,mutex,scalar,scalar,normal,RHO,13107200.0,52428800.0,16,partition_2,53116022
native,mutex,scalar,scalar,normal,RHO,13107200.0,52428800.0,16,partition_2_h,16054870
native,mutex,scalar,scalar,normal,RHO,13107200.0,52428800.0,16,partition_2_c,37130704
native,mutex,scalar,scalar,normal,RHO,13107200.0,52428800.0,16,join_total,28113406
native,mutex,scalar,scalar,normal,RHO,13107200.0,52428800.0,16,build,7067588
native,mutex,scalar,scalar,normal,RHO,13107200.0,52428800.0,16,probe,22243522
native,mutex,scalar,scalar,normal,RHO,13107200.0,52428800.0,16,throughput,1283.23
native,mutex,scalar,scalar,normal,RHO,13107200.0,52428800.0,16,total,148107382
native,mutex,scalar,scalar,normal,RHO,13107200.0,52428800.0,16,partition,118301202
native,mutex,scalar,scalar,normal,RHO,13107200.0,52428800.0,16,partition_1,65290486
native,mutex,scalar,scalar,normal,RHO,13107200.0,52428800.0,16,partition_r,16293788
native,mutex,scalar,scalar,normal,RHO,13107200.0,52428800.0,16,partition_s,48614110
native,mutex,scalar,scalar,normal,RHO,13107200.0,52428800.0,16,partition_2,53010126
native,mutex,scalar,scalar,normal,RHO,13107200.0,52428800.0,16,partition_2_h,16104138
native,mutex,scalar,scalar,normal,RHO,13107200.0,52428800.0,16,partition_2_c,37002426
native,mutex,scalar,scalar,normal,RHO,13107200.0,52428800.0,16,join_total,29804832
native,mutex,scalar,scalar,normal,RHO,13107200.0,52428800.0,16,build,7719132
native,mutex,scalar,scalar,normal,RHO,13107200.0,52428800.0,16,probe,23514802
native,mutex,scalar,scalar,normal,RHO,13107200.0,52428800.0,16,throughput,1296.72
native,mutex,scalar,scalar,normal,RHO,13107200.0,52428800.0,16,total,146568122
native,mutex,scalar,scalar,normal,RHO,13107200.0,52428800.0,16,partition,118472640
native,mutex,scalar,scalar,normal,RHO,13107200.0,52428800.0,16,partition_1,65376548
native,mutex,scalar,scalar,normal,RHO,13107200.0,52428800.0,16,partition_r,16332616
native,mutex,scalar,scalar,normal,RHO,13107200.0,52428800.0,16,partition_s,48250774
native,mutex,scalar,scalar,normal,RHO,13107200.0,52428800.0,16,partition_2,53095158
native,mutex,scalar,scalar,normal,RHO,13107200.0,52428800.0,16,partition_2_h,16076512
native,mutex,scalar,scalar,normal,RHO,13107200.0,52428800.0,16,partition_2_c,36998338
native,mutex,scalar,scalar,normal,RHO,13107200.0,52428800.0,16,join_total,28094892
native,mutex,scalar,scalar,normal,RHO,13107200.0,52428800.0,16,build,7791466
native,mutex,scalar,scalar,normal,RHO,13107200.0,52428800.0,16,probe,21582550
native,mutex,scalar,scalar,normal,RHO,13107200.0,52428800.0,16,throughput,1293.75
native,mutex,scalar,scalar,normal,RHO,13107200.0,52428800.0,16,total,146904758
native,mutex,scalar,scalar,normal,RHO,13107200.0,52428800.0,16,partition,117996616
native,mutex,scalar,scalar,normal,RHO,13107200.0,52428800.0,16,partition_1,65116304
native,mutex,scalar,scalar,normal,RHO,13107200.0,52428800.0,16,partition_r,16323386
native,mutex,scalar,scalar,normal,RHO,13107200.0,52428800.0,16,partition_s,48531122
native,mutex,scalar,scalar,normal,RHO,13107200.0,52428800.0,16,partition_2,52879992
native,mutex,scalar,scalar,normal,RHO,13107200.0,52428800.0,16,partition_2_h,16095722
native,mutex,scalar,scalar,normal,RHO,13107200.0,52428800.0,16,partition_2_c,36829526
native,mutex,scalar,scalar,normal,RHO,13107200.0,52428800.0,16,join_total,28907260
native,mutex,scalar,scalar,normal,RHO,13107200.0,52428800.0,16,build,7503012
native,mutex,scalar,scalar,normal,RHO,13107200.0,52428800.0,16,probe,21641596
native,mutex,scalar,scalar,normal,RHO,13107200.0,52428800.0,16,throughput,1300.06
native,mutex,scalar,scalar,normal,RHO,13107200.0,52428800.0,16,total,146190192
native,mutex,scalar,scalar,normal,RHO,13107200.0,52428800.0,16,partition,117604624
native,mutex,scalar,scalar,normal,RHO,13107200.0,52428800.0,16,partition_1,64583236
native,mutex,scalar,scalar,normal,RHO,13107200.0,52428800.0,16,partition_r,16266482
native,mutex,scalar,scalar,normal,RHO,13107200.0,52428800.0,16,partition_s,47998340
native,mutex,scalar,scalar,normal,RHO,13107200.0,52428800.0,16,partition_2,53021066
native,mutex,scalar,scalar,normal,RHO,13107200.0,52428800.0,16,partition_2_h,16072602
native,mutex,scalar,scalar,normal,RHO,13107200.0,52428800.0,16,partition_2_c,37031976
native,mutex,scalar,scalar,normal,RHO,13107200.0,52428800.0,16,join_total,28584678
native,mutex,scalar,scalar,normal,RHO,13107200.0,52428800.0,16,build,8600436
native,mutex,scalar,scalar,normal,RHO,13107200.0,52428800.0,16,probe,21382466
native,mutex,scalar,scalar,normal,RHO,13107200.0,52428800.0,16,throughput,1295.59
native,mutex,scalar,scalar,normal,RHO,13107200.0,52428800.0,16,total,146696200
native,mutex,scalar,scalar,normal,RHO,13107200.0,52428800.0,16,partition,119020306
native,mutex,scalar,scalar,normal,RHO,13107200.0,52428800.0,16,partition_1,65601602
native,mutex,scalar,scalar,normal,RHO,13107200.0,52428800.0,16,partition_r,16447056
native,mutex,scalar,scalar,normal,RHO,13107200.0,52428800.0,16,partition_s,48540588
native,mutex,scalar,scalar,normal,RHO,13107200.0,52428800.0,16,partition_2,53418306
native,mutex,scalar,scalar,normal,RHO,13107200.0,52428800.0,16,partition_2_h,16087832
native,mutex,scalar,scalar,normal,RHO,13107200.0,52428800.0,16,partition_2_c,37393056
native,mutex,scalar,scalar,normal,RHO,13107200.0,52428800.0,16,join_total,27675042
native,mutex,scalar,scalar,normal,RHO,13107200.0,52428800.0,16,build,6570402
native,mutex,scalar,scalar,normal,RHO,13107200.0,52428800.0,16,probe,21650588
native,mutex,scalar,scalar,normal,RHO,13107200.0,52428800.0,16,throughput,1306.07
native,mutex,scalar,scalar,normal,RHO,13107200.0,52428800.0,16,total,145517758
native,mutex,scalar,scalar,normal,RHO,13107200.0,52428800.0,16,partition,118061556
native,mutex,scalar,scalar,normal,RHO,13107200.0,52428800.0,16,partition_1,65114080
native,mutex,scalar,scalar,normal,RHO,13107200.0,52428800.0,16,partition_r,16312560
native,mutex,scalar,scalar,normal,RHO,13107200.0,52428800.0,16,partition_s,48491562
native,mutex,scalar,scalar,normal,RHO,13107200.0,52428800.0,16,partition_2,52946884
native,mutex,scalar,scalar,normal,RHO,13107200.0,52428800.0,16,partition_2_h,16188834
native,mutex,scalar,scalar,normal,RHO,13107200.0,52428800.0,16,partition_2_c,36931660
native,mutex,scalar,scalar,normal,RHO,13107200.0,52428800.0,16,join_total,27455386
native,mutex,scalar,scalar,normal,RHO,13107200.0,52428800.0,16,build,6442352
native,mutex,scalar,scalar,normal,RHO,13107200.0,52428800.0,16,probe,21608910
native,mutex,scalar,scalar,normal,RHO,13107200.0,52428800.0,16,throughput,1304.33
native,mutex,scalar,scalar,normal,RHO,13107200.0,52428800.0,16,total,145710868
native,mutex,scalar,scalar,normal,RHO,13107200.0,52428800.0,16,partition,118591288
native,mutex,scalar,scalar,normal,RHO,13107200.0,52428800.0,16,partition_1,65446772
native,mutex,scalar,scalar,normal,RHO,13107200.0,52428800.0,16,partition_r,16371750
native,mutex,scalar,scalar,normal,RHO,13107200.0,52428800.0,16,partition_s,48659702
native,mutex,scalar,scalar,normal,RHO,13107200.0,52428800.0,16,partition_2,53144178
native,mutex,scalar,scalar,normal,RHO,13107200.0,52428800.0,16,partition_2_h,16228498
native,mutex,scalar,scalar,normal,RHO,13107200.0,52428800.0,16,partition_2_c,37132184
native,mutex,scalar,scalar,normal,RHO,13107200.0,52428800.0,16,join_total,27118520
native,mutex,scalar,scalar,normal,RHO,13107200.0,52428800.0,16,build,5854384
native,mutex,scalar,scalar,normal,RHO,13107200.0,52428800.0,16,probe,21070594
native,mutex,scalar,scalar,normal,RHO,13107200.0,52428800.0,16,throughput,1138.51
native,mutex,scalar,scalar,normal,RHO,13107200.0,52428800.0,16,total,166933292
native,mutex,scalar,scalar,normal,RHO,13107200.0,52428800.0,16,partition,137484428
native,mutex,scalar,scalar,normal,RHO,13107200.0,52428800.0,16,partition_1,84345076
native,mutex,scalar,scalar,normal,RHO,13107200.0,52428800.0,16,partition_r,16439672
native,mutex,scalar,scalar,normal,RHO,13107200.0,52428800.0,16,partition_s,67475620
native,mutex,scalar,scalar,normal,RHO,13107200.0,52428800.0,16,partition_2,53138188
native,mutex,scalar,scalar,normal,RHO,13107200.0,52428800.0,16,partition_2_h,16213354
native,mutex,scalar,scalar,normal,RHO,13107200.0,52428800.0,16,partition_2_c,36910066
native,mutex,scalar,scalar,normal,RHO,13107200.0,52428800.0,16,join_total,29448336
native,mutex,scalar,scalar,normal,RHO,13107200.0,52428800.0,16,build,7754390
native,mutex,scalar,scalar,normal,RHO,13107200.0,52428800.0,16,probe,23045780
native,mutex,scalar,scalar,normal,RHO,13107200.0,52428800.0,16,throughput,1290.21
native,mutex,scalar,scalar,normal,RHO,13107200.0,52428800.0,16,total,147307392
native,mutex,scalar,scalar,normal,RHO,13107200.0,52428800.0,16,partition,119152684
native,mutex,scalar,scalar,normal,RHO,13107200.0,52428800.0,16,partition_1,66150482
native,mutex,scalar,scalar,normal,RHO,13107200.0,52428800.0,16,partition_r,17109890
native,mutex,scalar,scalar,normal,RHO,13107200.0,52428800.0,16,partition_s,48360154
native,mutex,scalar,scalar,normal,RHO,13107200.0,52428800.0,16,partition_2,53001428
native,mutex,scalar,scalar,normal,RHO,13107200.0,52428800.0,16,partition_2_h,16165620
native,mutex,scalar,scalar,normal,RHO,13107200.0,52428800.0,16,partition_2_c,36993398
native,mutex,scalar,scalar,normal,RHO,13107200.0,52428800.0,16,join_total,28153706
native,mutex,scalar,scalar,normal,RHO,13107200.0,52428800.0,16,build,6888476
native,mutex,scalar,scalar,normal,RHO,13107200.0,52428800.0,16,probe,23007118
native,mutex,scalar,scalar,normal,MWAY,13107200.0,52428800.0,16,throughput,154.97
native,mutex,scalar,scalar,normal,MWAY,13107200.0,52428800.0,16,total,1226427932
native,mutex,scalar,scalar,normal,MWAY,13107200.0,52428800.0,16,partition,390114884
native,mutex,scalar,scalar,normal,MWAY,13107200.0,52428800.0,16,partition_1,0
native,mutex,scalar,scalar,normal,MWAY,13107200.0,52428800.0,16,partition_2,0
native,mutex,scalar,scalar,normal,MWAY,13107200.0,52428800.0,16,join_total,836313048
native,mutex,scalar,scalar,normal,MWAY,13107200.0,52428800.0,16,build,0
native,mutex,scalar,scalar,normal,MWAY,13107200.0,52428800.0,16,probe,0
native,mutex,scalar,scalar,normal,MWAY,13107200.0,52428800.0,16,throughput,155.7
native,mutex,scalar,scalar,normal,MWAY,13107200.0,52428800.0,16,total,1220670870
native,mutex,scalar,scalar,normal,MWAY,13107200.0,52428800.0,16,partition,389616268
native,mutex,scalar,scalar,normal,MWAY,13107200.0,52428800.0,16,partition_1,0
native,mutex,scalar,scalar,normal,MWAY,13107200.0,52428800.0,16,partition_2,0
native,mutex,scalar,scalar,normal,MWAY,13107200.0,52428800.0,16,join_total,831054602
native,mutex,scalar,scalar,normal,MWAY,13107200.0,52428800.0,16,build,0
native,mutex,scalar,scalar,normal,MWAY,13107200.0,52428800.0,16,probe,0
native,mutex,scalar,scalar,normal,MWAY,13107200.0,52428800.0,16,throughput,155.81
native,mutex,scalar,scalar,normal,MWAY,13107200.0,52428800.0,16,total,1219809580
native,mutex,scalar,scalar,normal,MWAY,13107200.0,52428800.0,16,partition,390865122
native,mutex,scalar,scalar,normal,MWAY,13107200.0,52428800.0,16,partition_1,0
native,mutex,scalar,scalar,normal,MWAY,13107200.0,52428800.0,16,partition_2,0
native,mutex,scalar,scalar,normal,MWAY,13107200.0,52428800.0,16,join_total,828944458
native,mutex,scalar,scalar,normal,MWAY,13107200.0,52428800.0,16,build,0
native,mutex,scalar,scalar,normal,MWAY,13107200.0,52428800.0,16,probe,0
native,mutex,scalar,scalar,normal,MWAY,13107200.0,52428800.0,16,throughput,155.91
native,mutex,scalar,scalar,normal,MWAY,13107200.0,52428800.0,16,total,1219039376
native,mutex,scalar,scalar,normal,MWAY,13107200.0,52428800.0,16,partition,389388120
native,mutex,scalar,scalar,normal,MWAY,13107200.0,52428800.0,16,partition_1,0
native,mutex,scalar,scalar,normal,MWAY,13107200.0,52428800.0,16,partition_2,0
native,mutex,scalar,scalar,normal,MWAY,13107200.0,52428800.0,16,join_total,829651256
native,mutex,scalar,scalar,normal,MWAY,13107200.0,52428800.0,16,build,0
native,mutex,scalar,scalar,normal,MWAY,13107200.0,52428800.0,16,probe,0
native,mutex,scalar,scalar,normal,MWAY,13107200.0,52428800.0,16,throughput,155.85
native,mutex,scalar,scalar,normal,MWAY,13107200.0,52428800.0,16,total,1219442822
native,mutex,scalar,scalar,normal,MWAY,13107200.0,52428800.0,16,partition,388947394
native,mutex,scalar,scalar,normal,MWAY,13107200.0,52428800.0,16,partition_1,0
native,mutex,scalar,scalar,normal,MWAY,13107200.0,52428800.0,16,partition_2,0
native,mutex,scalar,scalar,normal,MWAY,13107200.0,52428800.0,16,join_total,830495428
native,mutex,scalar,scalar,normal,MWAY,13107200.0,52428800.0,16,build,0
native,mutex,scalar,scalar,normal,MWAY,13107200.0,52428800.0,16,probe,0
native,mutex,scalar,scalar,normal,MWAY,13107200.0,52428800.0,16,throughput,154.56
native,mutex,scalar,scalar,normal,MWAY,13107200.0,52428800.0,16,total,1229611378
native,mutex,scalar,scalar,normal,MWAY,13107200.0,52428800.0,16,partition,390464650
native,mutex,scalar,scalar,normal,MWAY,13107200.0,52428800.0,16,partition_1,0
native,mutex,scalar,scalar,normal,MWAY,13107200.0,52428800.0,16,partition_2,0
native,mutex,scalar,scalar,normal,MWAY,13107200.0,52428800.0,16,join_total,839146728
native,mutex,scalar,scalar,normal,MWAY,13107200.0,52428800.0,16,build,0
native,mutex,scalar,scalar,normal,MWAY,13107200.0,52428800.0,16,probe,0
native,mutex,scalar,scalar,normal,MWAY,13107200.0,52428800.0,16,throughput,155.94
native,mutex,scalar,scalar,normal,MWAY,13107200.0,52428800.0,16,total,1218738168
native,mutex,scalar,scalar,normal,MWAY,13107200.0,52428800.0,16,partition,390019836
native,mutex,scalar,scalar,normal,MWAY,13107200.0,52428800.0,16,partition_1,0
native,mutex,scalar,scalar,normal,MWAY,13107200.0,52428800.0,16,partition_2,0
native,mutex,scalar,scalar,normal,MWAY,13107200.0,52428800.0,16,join_total,828718332
native,mutex,scalar,scalar,normal,MWAY,13107200.0,52428800.0,16,build,0
native,mutex,scalar,scalar,normal,MWAY,13107200.0,52428800.0,16,probe,0
native,mutex,scalar,scalar,normal,MWAY,13107200.0,52428800.0,16,throughput,155.99
native,mutex,scalar,scalar,normal,MWAY,13107200.0,52428800.0,16,total,1218352966
native,mutex,scalar,scalar,normal,MWAY,13107200.0,52428800.0,16,partition,389360476
native,mutex,scalar,scalar,normal,MWAY,13107200.0,52428800.0,16,partition_1,0
native,mutex,scalar,scalar,normal,MWAY,13107200.0,52428800.0,16,partition_2,0
native,mutex,scalar,scalar,normal,MWAY,13107200.0,52428800.0,16,join_total,828992490
native,mutex,scalar,scalar,normal,MWAY,13107200.0,52428800.0,16,build,0
native,mutex,scalar,scalar,normal,MWAY,13107200.0,52428800.0,16,probe,0
native,mutex,scalar,scalar,normal,MWAY,13107200.0,52428800.0,16,throughput,156.06
native,mutex,scalar,scalar,normal,MWAY,13107200.0,52428800.0,16,total,1217864236
native,mutex,scalar,scalar,normal,MWAY,13107200.0,52428800.0,16,partition,389668422
native,mutex,scalar,scalar,normal,MWAY,13107200.0,52428800.0,16,partition_1,0
native,mutex,scalar,scalar,normal,MWAY,13107200.0,52428800.0,16,partition_2,0
native,mutex,scalar,scalar,normal,MWAY,13107200.0,52428800.0,16,join_total,828195814
native,mutex,scalar,scalar,normal,MWAY,13107200.0,52428800.0,16,build,0
native,mutex,scalar,scalar,normal,MWAY,13107200.0,52428800.0,16,probe,0
native,mutex,scalar,scalar,normal,MWAY,13107200.0,52428800.0,16,throughput,155.88
native,mutex,scalar,scalar,normal,MWAY,13107200.0,52428800.0,16,total,1219259290
native,mutex,scalar,scalar,normal,MWAY,13107200.0,52428800.0,16,partition,389979864
native,mutex,scalar,scalar,normal,MWAY,13107200.0,52428800.0,16,partition_1,0
native,mutex,scalar,scalar,normal,MWAY,13107200.0,52428800.0,16,partition_2,0
native,mutex,scalar,scalar,normal,MWAY,13107200.0,52428800.0,16,join_total,829279426
native,mutex,scalar,scalar,normal,MWAY,13107200.0,52428800.0,16,build,0
native,mutex,scalar,scalar,normal,MWAY,13107200.0,52428800.0,16,probe,0
native,mutex,scalar,scalar,normal,INL,13107200.0,52428800.0,16,throughput,175.73
native,mutex,scalar,scalar,normal,INL,13107200.0,52428800.0,16,probe,1081490306
native,mutex,scalar,scalar,normal,INL,13107200.0,52428800.0,16,throughput,176.18
native,mutex,scalar,scalar,normal,INL,13107200.0,52428800.0,16,probe,1078754788
native,mutex,scalar,scalar,normal,INL,13107200.0,52428800.0,16,throughput,176.2
native,mutex,scalar,scalar,normal,INL,13107200.0,52428800.0,16,probe,1078622066
native,mutex,scalar,scalar,normal,INL,13107200.0,52428800.0,16,throughput,176.01
native,mutex,scalar,scalar,normal,INL,13107200.0,52428800.0,16,probe,1079792078
native,mutex,scalar,scalar,normal,INL,13107200.0,52428800.0,16,throughput,176.24
native,mutex,scalar,scalar,normal,INL,13107200.0,52428800.0,16,probe,1078376204
native,mutex,scalar,scalar,normal,INL,13107200.0,52428800.0,16,throughput,176.27
native,mutex,scalar,scalar,normal,INL,13107200.0,52428800.0,16,probe,1078194842
native,mutex,scalar,scalar,normal,INL,13107200.0,52428800.0,16,throughput,176.33
native,mutex,scalar,scalar,normal,INL,13107200.0,52428800.0,16,probe,1077833242
native,mutex,scalar,scalar,normal,INL,13107200.0,52428800.0,16,throughput,176.3
native,mutex,scalar,scalar,normal,INL,13107200.0,52428800.0,16,probe,1078008756
native,mutex,scalar,scalar,normal,INL,13107200.0,52428800.0,16,throughput,176.17
native,mutex,scalar,scalar,normal,INL,13107200.0,52428800.0,16,probe,1078824812
native,mutex,scalar,scalar,normal,INL,13107200.0,52428800.0,16,throughput,176.22
native,mutex,scalar,scalar,normal,INL,13107200.0,52428800.0,16,probe,1078495398
native,mutex,scalar,scalar,normal,CrkJoin,13107200.0,52428800.0,16,throughput,60.98
native,mutex,scalar,scalar,normal,CrkJoin,13107200.0,52428800.0,16,throughput,60.81
native,mutex,scalar,scalar,normal,CrkJoin,13107200.0,52428800.0,16,throughput,60.47
native,mutex,scalar,scalar,normal,CrkJoin,13107200.0,52428800.0,16,throughput,60.9
native,mutex,scalar,scalar,normal,CrkJoin,13107200.0,52428800.0,16,throughput,60.72
native,mutex,scalar,scalar,normal,CrkJoin,13107200.0,52428800.0,16,throughput,60.73
native,mutex,scalar,scalar,normal,CrkJoin,13107200.0,52428800.0,16,throughput,60.73
native,mutex,scalar,scalar,normal,CrkJoin,13107200.0,52428800.0,16,throughput,61.13
native,mutex,scalar,scalar,normal,CrkJoin,13107200.0,52428800.0,16,throughput,60.7
native,mutex,scalar,scalar,normal,CrkJoin,13107200.0,52428800.0,16,throughput,60.6
sgx,mutex,scalar,scalar,normal,PHT,13107200.0,52428800.0,16,throughput,274.15
sgx,mutex,scalar,scalar,normal,PHT,13107200.0,52428800.0,16,total,693251336
sgx,mutex,scalar,scalar,normal,PHT,13107200.0,52428800.0,16,build,384734076
sgx,mutex,scalar,scalar,normal,PHT,13107200.0,52428800.0,16,probe,308517260
sgx,mutex,scalar,scalar,normal,PHT,13107200.0,52428800.0,16,throughput,274.3
sgx,mutex,scalar,scalar,normal,PHT,13107200.0,52428800.0,16,total,692879552
sgx,mutex,scalar,scalar,normal,PHT,13107200.0,52428800.0,16,build,384690016
sgx,mutex,scalar,scalar,normal,PHT,13107200.0,52428800.0,16,probe,308189536
sgx,mutex,scalar,scalar,normal,PHT,13107200.0,52428800.0,16,throughput,274.16
sgx,mutex,scalar,scalar,normal,PHT,13107200.0,52428800.0,16,total,693221174
sgx,mutex,scalar,scalar,normal,PHT,13107200.0,52428800.0,16,build,384914808
sgx,mutex,scalar,scalar,normal,PHT,13107200.0,52428800.0,16,probe,308306366
sgx,mutex,scalar,scalar,normal,PHT,13107200.0,52428800.0,16,throughput,274.12
sgx,mutex,scalar,scalar,normal,PHT,13107200.0,52428800.0,16,total,693317630
sgx,mutex,scalar,scalar,normal,PHT,13107200.0,52428800.0,16,build,385008454
sgx,mutex,scalar,scalar,normal,PHT,13107200.0,52428800.0,16,probe,308309176
sgx,mutex,scalar,scalar,normal,PHT,13107200.0,52428800.0,16,throughput,274.2
sgx,mutex,scalar,scalar,normal,PHT,13107200.0,52428800.0,16,total,693126044
sgx,mutex,scalar,scalar,normal,PHT,13107200.0,52428800.0,16,build,384792970
sgx,mutex,scalar,scalar,normal,PHT,13107200.0,52428800.0,16,probe,308333074
sgx,mutex,scalar,scalar,normal,PHT,13107200.0,52428800.0,16,throughput,274.21
sgx,mutex,scalar,scalar,normal,PHT,13107200.0,52428800.0,16,total,693101666
sgx,mutex,scalar,scalar,normal,PHT,13107200.0,52428800.0,16,build,384947080
sgx,mutex,scalar,scalar,normal,PHT,13107200.0,52428800.0,16,probe,308154586
sgx,mutex,scalar,scalar,normal,PHT,13107200.0,52428800.0,16,throughput,274.17
sgx,mutex,scalar,scalar,normal,PHT,13107200.0,52428800.0,16,total,693204914
sgx,mutex,scalar,scalar,normal,PHT,13107200.0,52428800.0,16,build,384988664
sgx,mutex,scalar,scalar,normal,PHT,13107200.0,52428800.0,16,probe,308216250
sgx,mutex,scalar,scalar,normal,PHT,13107200.0,52428800.0,16,throughput,274.16
sgx,mutex,scalar,scalar,normal,PHT,13107200.0,52428800.0,16,total,693225410
sgx,mutex,scalar,scalar,normal,PHT,13107200.0,52428800.0,16,build,384961694
sgx,mutex,scalar,scalar,normal,PHT,13107200.0,52428800.0,16,probe,308263716
sgx,mutex,scalar,scalar,normal,PHT,13107200.0,52428800.0,16,throughput,274.1
sgx,mutex,scalar,scalar,normal,PHT,13107200.0,52428800.0,16,total,693379234
sgx,mutex,scalar,scalar,normal,PHT,13107200.0,52428800.0,16,build,384900766
sgx,mutex,scalar,scalar,normal,PHT,13107200.0,52428800.0,16,probe,308478468
sgx,mutex,scalar,scalar,normal,PHT,13107200.0,52428800.0,16,throughput,274.18
sgx,mutex,scalar,scalar,normal,PHT,13107200.0,52428800.0,16,total,693180348
sgx,mutex,scalar,scalar,normal,PHT,13107200.0,52428800.0,16,build,385098454
sgx,mutex,scalar,scalar,normal,PHT,13107200.0,52428800.0,16,probe,308081894
sgx,mutex,scalar,scalar,normal,RHO,13107200.0,52428800.0,16,throughput,759.27
sgx,mutex,scalar,scalar,normal,RHO,13107200.0,52428800.0,16,total,250315084
sgx,mutex,scalar,scalar,normal,RHO,13107200.0,52428800.0,16,partition,220967164
sgx,mutex,scalar,scalar,normal,RHO,13107200.0,52428800.0,16,partition_1,109595510
sgx,mutex,scalar,scalar,normal,RHO,13107200.0,52428800.0,16,partition_r,38025520
sgx,mutex,scalar,scalar,normal,RHO,13107200.0,52428800.0,16,partition_s,71386062
sgx,mutex,scalar,scalar,normal,RHO,13107200.0,52428800.0,16,partition_2,111371040
sgx,mutex,scalar,scalar,normal,RHO,13107200.0,52428800.0,16,partition_2_h,39386922
sgx,mutex,scalar,scalar,normal,RHO,13107200.0,52428800.0,16,partition_2_c,72425022
sgx,mutex,scalar,scalar,normal,RHO,13107200.0,52428800.0,16,join_total,29347324
sgx,mutex,scalar,scalar,normal,RHO,13107200.0,52428800.0,16,build,8561706
sgx,mutex,scalar,scalar,normal,RHO,13107200.0,52428800.0,16,probe,20149138
sgx,mutex,scalar,scalar,normal,RHO,13107200.0,52428800.0,16,throughput,760.27
sgx,mutex,scalar,scalar,normal,RHO,13107200.0,52428800.0,16,total,249984198
sgx,mutex,scalar,scalar,normal,RHO,13107200.0,52428800.0,16,partition,220660374
sgx,mutex,scalar,scalar,normal,RHO,13107200.0,52428800.0,16,partition_1,109541760
sgx,mutex,scalar,scalar,normal,RHO,13107200.0,52428800.0,16,partition_r,37951080
sgx,mutex,scalar,scalar,normal,RHO,13107200.0,52428800.0,16,partition_s,71371134
sgx,mutex,scalar,scalar,normal,RHO,13107200.0,52428800.0,16,partition_2,111117938
sgx,mutex,scalar,scalar,normal,RHO,13107200.0,52428800.0,16,partition_2_h,39659856
sgx,mutex,scalar,scalar,normal,RHO,13107200.0,52428800.0,16,partition_2_c,71570128
sgx,mutex,scalar,scalar,normal,RHO,13107200.0,52428800.0,16,join_total,29323118
sgx,mutex,scalar,scalar,normal,RHO,13107200.0,52428800.0,16,build,8660716
sgx,mutex,scalar,scalar,normal,RHO,13107200.0,52428800.0,16,probe,20079106
sgx,mutex,scalar,scalar,normal,RHO,13107200.0,52428800.0,16,throughput,760.59
sgx,mutex,scalar,scalar,normal,RHO,13107200.0,52428800.0,16,total,249880482
sgx,mutex,scalar,scalar,normal,RHO,13107200.0,52428800.0,16,partition,220623230
sgx,mutex,scalar,scalar,normal,RHO,13107200.0,52428800.0,16,partition_1,109535180
sgx,mutex,scalar,scalar,normal,RHO,13107200.0,52428800.0,16,partition_r,37951504
sgx,mutex,scalar,scalar,normal,RHO,13107200.0,52428800.0,16,partition_s,71388080
sgx,mutex,scalar,scalar,normal,RHO,13107200.0,52428800.0,16,partition_2,111087542
sgx,mutex,scalar,scalar,normal,RHO,13107200.0,52428800.0,16,partition_2_h,39386554
sgx,mutex,scalar,scalar,normal,RHO,13107200.0,52428800.0,16,partition_2_c,71670382
sgx,mutex,scalar,scalar,normal,RHO,13107200.0,52428800.0,16,join_total,29256240
sgx,mutex,scalar,scalar,normal,RHO,13107200.0,52428800.0,16,build,8519908
sgx,mutex,scalar,scalar,normal,RHO,13107200.0,52428800.0,16,probe,20087086
sgx,mutex,scalar,scalar,normal,RHO,13107200.0,52428800.0,16,throughput,761.92
sgx,mutex,scalar,scalar,normal,RHO,13107200.0,52428800.0,16,total,249442320
sgx,mutex,scalar,scalar,normal,RHO,13107200.0,52428800.0,16,partition,220325004
sgx,mutex,scalar,scalar,normal,RHO,13107200.0,52428800.0,16,partition_1,109478006
sgx,mutex,scalar,scalar,normal,RHO,13107200.0,52428800.0,16,partition_r,37731346
sgx,mutex,scalar,scalar,normal,RHO,13107200.0,52428800.0,16,partition_s,71483998
sgx,mutex,scalar,scalar,normal,RHO,13107200.0,52428800.0,16,partition_2,110846186
sgx,mutex,scalar,scalar,normal,RHO,13107200.0,52428800.0,16,partition_2_h,39486442
sgx,mutex,scalar,scalar,normal,RHO,13107200.0,52428800.0,16,partition_2_c,71564932
sgx,mutex,scalar,scalar,normal,RHO,13107200.0,52428800.0,16,join_total,29116724
sgx,mutex,scalar,scalar,normal,RHO,13107200.0,52428800.0,16,build,8603718
sgx,mutex,scalar,scalar,normal,RHO,13107200.0,52428800.0,16,probe,19861968
sgx,mutex,scalar,scalar,normal,RHO,13107200.0,52428800.0,16,throughput,758.43
sgx,mutex,scalar,scalar,normal,RHO,13107200.0,52428800.0,16,total,250589918
sgx,mutex,scalar,scalar,normal,RHO,13107200.0,52428800.0,16,partition,221160662
sgx,mutex,scalar,scalar,normal,RHO,13107200.0,52428800.0,16,partition_1,109760494
sgx,mutex,scalar,scalar,normal,RHO,13107200.0,52428800.0,16,partition_r,37930634
sgx,mutex,scalar,scalar,normal,RHO,13107200.0,52428800.0,16,partition_s,71525444
sgx,mutex,scalar,scalar,normal,RHO,13107200.0,52428800.0,16,partition_2,111399432
sgx,mutex,scalar,scalar,normal,RHO,13107200.0,52428800.0,16,partition_2_h,39723984
sgx,mutex,scalar,scalar,normal,RHO,13107200.0,52428800.0,16,partition_2_c,71790550
sgx,mutex,scalar,scalar,normal,RHO,13107200.0,52428800.0,16,join_total,29428404
sgx,mutex,scalar,scalar,normal,RHO,13107200.0,52428800.0,16,build,8602016
sgx,mutex,scalar,scalar,normal,RHO,13107200.0,52428800.0,16,probe,20165178
sgx,mutex,scalar,scalar,normal,RHO,13107200.0,52428800.0,16,throughput,761.99
sgx,mutex,scalar,scalar,normal,RHO,13107200.0,52428800.0,16,total,249419642
sgx,mutex,scalar,scalar,normal,RHO,13107200.0,52428800.0,16,partition,220173008
sgx,mutex,scalar,scalar,normal,RHO,13107200.0,52428800.0,16,partition_1,109479310
sgx,mutex,scalar,scalar,normal,RHO,13107200.0,52428800.0,16,partition_r,37879956
sgx,mutex,scalar,scalar,normal,RHO,13107200.0,52428800.0,16,partition_s,71392366
sgx,mutex,scalar,scalar,normal,RHO,13107200.0,52428800.0,16,partition_2,110692788
sgx,mutex,scalar,scalar,normal,RHO,13107200.0,52428800.0,16,partition_2_h,39418360
sgx,mutex,scalar,scalar,normal,RHO,13107200.0,52428800.0,16,partition_2_c,71409750
sgx,mutex,scalar,scalar,normal,RHO,13107200.0,52428800.0,16,join_total,29245760
sgx,mutex,scalar,scalar,normal,RHO,13107200.0,52428800.0,16,build,8613176
sgx,mutex,scalar,scalar,normal,RHO,13107200.0,52428800.0,16,probe,20115542
sgx,mutex,scalar,scalar,normal,RHO,13107200.0,52428800.0,16,throughput,758.78
sgx,mutex,scalar,scalar,normal,RHO,13107200.0,52428800.0,16,total,250473878
sgx,mutex,scalar,scalar,normal,RHO,13107200.0,52428800.0,16,partition,221405156
sgx,mutex,scalar,scalar,normal,RHO,13107200.0,52428800.0,16,partition_1,109952636
sgx,mutex,scalar,scalar,normal,RHO,13107200.0,52428800.0,16,partition_r,37785346
sgx,mutex,scalar,scalar,normal,RHO,13107200.0,52428800.0,16,partition_s,71659154
sgx,mutex,scalar,scalar,normal,RHO,13107200.0,52428800.0,16,partition_2,111451710
sgx,mutex,scalar,scalar,normal,RHO,13107200.0,52428800.0,16,partition_2_h,40085704
sgx,mutex,scalar,scalar,normal,RHO,13107200.0,52428800.0,16,partition_2_c,71432742
sgx,mutex,scalar,scalar,normal,RHO,13107200.0,52428800.0,16,join_total,29068266
sgx,mutex,scalar,scalar,normal,RHO,13107200.0,52428800.0,16,build,8573108
sgx,mutex,scalar,scalar,normal,RHO,13107200.0,52428800.0,16,probe,19849882
sgx,mutex,scalar,scalar,normal,RHO,13107200.0,52428800.0,16,throughput,764.43
sgx,mutex,scalar,scalar,normal,RHO,13107200.0,52428800.0,16,total,248625074
sgx,mutex,scalar,scalar,normal,RHO,13107200.0,52428800.0,16,partition,219714444
sgx,mutex,scalar,scalar,normal,RHO,13107200.0,52428800.0,16,partition_1,109430508
sgx,mutex,scalar,scalar,normal,RHO,13107200.0,52428800.0,16,partition_r,37894762
sgx,mutex,scalar,scalar,normal,RHO,13107200.0,52428800.0,16,partition_s,71343150
sgx,mutex,scalar,scalar,normal,RHO,13107200.0,52428800.0,16,partition_2,110283336
sgx,mutex,scalar,scalar,normal,RHO,13107200.0,52428800.0,16,partition_2_h,38995710
sgx,mutex,scalar,scalar,normal,RHO,13107200.0,52428800.0,16,partition_2_c,71514688
sgx,mutex,scalar,scalar,normal,RHO,13107200.0,52428800.0,16,join_total,28909978
sgx,mutex,scalar,scalar,normal,RHO,13107200.0,52428800.0,16,build,8559780
sgx,mutex,scalar,scalar,normal,RHO,13107200.0,52428800.0,16,probe,19899092
sgx,mutex,scalar,scalar,normal,RHO,13107200.0,52428800.0,16,throughput,759.47
sgx,mutex,scalar,scalar,normal,RHO,13107200.0,52428800.0,16,total,250248840
sgx,mutex,scalar,scalar,normal,RHO,13107200.0,52428800.0,16,partition,221066528
sgx,mutex,scalar,scalar,normal,RHO,13107200.0,52428800.0,16,partition_1,109753734
sgx,mutex,scalar,scalar,normal,RHO,13107200.0,52428800.0,16,partition_r,37966236
sgx,mutex,scalar,scalar,normal,RHO,13107200.0,52428800.0,16,partition_s,71550460
sgx,mutex,scalar,scalar,normal,RHO,13107200.0,52428800.0,16,partition_2,111312068
sgx,mutex,scalar,scalar,normal,RHO,13107200.0,52428800.0,16,partition_2_h,39958328
sgx,mutex,scalar,scalar,normal,RHO,13107200.0,52428800.0,16,partition_2_c,71395236
sgx,mutex,scalar,scalar,normal,RHO,13107200.0,52428800.0,16,join_total,29181816
sgx,mutex,scalar,scalar,normal,RHO,13107200.0,52428800.0,16,build,8562492
sgx,mutex,scalar,scalar,normal,RHO,13107200.0,52428800.0,16,probe,20104202
sgx,mutex,scalar,scalar,normal,RHO,13107200.0,52428800.0,16,throughput,761.61
sgx,mutex,scalar,scalar,normal,RHO,13107200.0,52428800.0,16,total,249543470
sgx,mutex,scalar,scalar,normal,RHO,13107200.0,52428800.0,16,partition,220177656
sgx,mutex,scalar,scalar,normal,RHO,13107200.0,52428800.0,16,partition_1,109573798
sgx,mutex,scalar,scalar,normal,RHO,13107200.0,52428800.0,16,partition_r,37903424
sgx,mutex,scalar,scalar,normal,RHO,13107200.0,52428800.0,16,partition_s,71387152
sgx,mutex,scalar,scalar,normal,RHO,13107200.0,52428800.0,16,partition_2,110603354
sgx,mutex,scalar,scalar,normal,RHO,13107200.0,52428800.0,16,partition_2_h,39187842
sgx,mutex,scalar,scalar,normal,RHO,13107200.0,52428800.0,16,partition_2_c,71516116
sgx,mutex,scalar,scalar,normal,RHO,13107200.0,52428800.0,16,join_total,29364880
sgx,mutex,scalar,scalar,normal,RHO,13107200.0,52428800.0,16,build,8530074
sgx,mutex,scalar,scalar,normal,RHO,13107200.0,52428800.0,16,probe,20128582
sgx,mutex,scalar,scalar,normal,MWAY,13107200.0,52428800.0,16,throughput,132.68
sgx,mutex,scalar,scalar,normal,MWAY,13107200.0,52428800.0,16,total,1432453708
sgx,mutex,scalar,scalar,normal,MWAY,13107200.0,52428800.0,16,partition,313485212
sgx,mutex,scalar,scalar,normal,MWAY,13107200.0,52428800.0,16,partition_1,0
sgx,mutex,scalar,scalar,normal,MWAY,13107200.0,52428800.0,16,partition_2,0
sgx,mutex,scalar,scalar,normal,MWAY,13107200.0,52428800.0,16,join_total,1118968496
sgx,mutex,scalar,scalar,normal,MWAY,13107200.0,52428800.0,16,build,0
sgx,mutex,scalar,scalar,normal,MWAY,13107200.0,52428800.0,16,probe,0
sgx,mutex,scalar,scalar,normal,MWAY,13107200.0,52428800.0,16,throughput,132.78
sgx,mutex,scalar,scalar,normal,MWAY,13107200.0,52428800.0,16,total,1431370218
sgx,mutex,scalar,scalar,normal,MWAY,13107200.0,52428800.0,16,partition,313029414
sgx,mutex,scalar,scalar,normal,MWAY,13107200.0,52428800.0,16,partition_1,0
sgx,mutex,scalar,scalar,normal,MWAY,13107200.0,52428800.0,16,partition_2,0
sgx,mutex,scalar,scalar,normal,MWAY,13107200.0,52428800.0,16,join_total,1118340804
sgx,mutex,scalar,scalar,normal,MWAY,13107200.0,52428800.0,16,build,0
sgx,mutex,scalar,scalar,normal,MWAY,13107200.0,52428800.0,16,probe,0
sgx,mutex,scalar,scalar,normal,MWAY,13107200.0,52428800.0,16,throughput,132.06
sgx,mutex,scalar,scalar,normal,MWAY,13107200.0,52428800.0,16,total,1439104416
sgx,mutex,scalar,scalar,normal,MWAY,13107200.0,52428800.0,16,partition,313982864
sgx,mutex,scalar,scalar,normal,MWAY,13107200.0,52428800.0,16,partition_1,0
sgx,mutex,scalar,scalar,normal,MWAY,13107200.0,52428800.0,16,partition_2,0
sgx,mutex,scalar,scalar,normal,MWAY,13107200.0,52428800.0,16,join_total,1125121552
sgx,mutex,scalar,scalar,normal,MWAY,13107200.0,52428800.0,16,build,0
sgx,mutex,scalar,scalar,normal,MWAY,13107200.0,52428800.0,16,probe,0
sgx,mutex,scalar,scalar,normal,MWAY,13107200.0,52428800.0,16,throughput,132.0
sgx,mutex,scalar,scalar,normal,MWAY,13107200.0,52428800.0,16,total,1439794240
sgx,mutex,scalar,scalar,normal,MWAY,13107200.0,52428800.0,16,partition,313545094
sgx,mutex,scalar,scalar,normal,MWAY,13107200.0,52428800.0,16,partition_1,0
sgx,mutex,scalar,scalar,normal,MWAY,13107200.0,52428800.0,16,partition_2,0
sgx,mutex,scalar,scalar,normal,MWAY,13107200.0,52428800.0,16,join_total,1126249146
sgx,mutex,scalar,scalar,normal,MWAY,13107200.0,52428800.0,16,build,0
sgx,mutex,scalar,scalar,normal,MWAY,13107200.0,52428800.0,16,probe,0
sgx,mutex,scalar,scalar,normal,MWAY,13107200.0,52428800.0,16,throughput,132.61
sgx,mutex,scalar,scalar,normal,MWAY,13107200.0,52428800.0,16,total,1433214892
sgx,mutex,scalar,scalar,normal,MWAY,13107200.0,52428800.0,16,partition,314336340
sgx,mutex,scalar,scalar,normal,MWAY,13107200.0,52428800.0,16,partition_1,0
sgx,mutex,scalar,scalar,normal,MWAY,13107200.0,52428800.0,16,partition_2,0
sgx,mutex,scalar,scalar,normal,MWAY,13107200.0,52428800.0,16,join_total,1118878552
sgx,mutex,scalar,scalar,normal,MWAY,13107200.0,52428800.0,16,build,0
sgx,mutex,scalar,scalar,normal,MWAY,13107200.0,52428800.0,16,probe,0
sgx,mutex,scalar,scalar,normal,MWAY,13107200.0,52428800.0,16,throughput,132.06
sgx,mutex,scalar,scalar,normal,MWAY,13107200.0,52428800.0,16,total,1439155310
sgx,mutex,scalar,scalar,normal,MWAY,13107200.0,52428800.0,16,partition,313737938
sgx,mutex,scalar,scalar,normal,MWAY,13107200.0,52428800.0,16,partition_1,0
sgx,mutex,scalar,scalar,normal,MWAY,13107200.0,52428800.0,16,partition_2,0
sgx,mutex,scalar,scalar,normal,MWAY,13107200.0,52428800.0,16,join_total,1125417372
sgx,mutex,scalar,scalar,normal,MWAY,13107200.0,52428800.0,16,build,0
sgx,mutex,scalar,scalar,normal,MWAY,13107200.0,52428800.0,16,probe,0
sgx,mutex,scalar,scalar,normal,MWAY,13107200.0,52428800.0,16,throughput,132.72
sgx,mutex,scalar,scalar,normal,MWAY,13107200.0,52428800.0,16,total,1431970860
sgx,mutex,scalar,scalar,normal,MWAY,13107200.0,52428800.0,16,partition,313301928
sgx,mutex,scalar,scalar,normal,MWAY,13107200.0,52428800.0,16,partition_1,0
sgx,mutex,scalar,scalar,normal,MWAY,13107200.0,52428800.0,16,partition_2,0
sgx,mutex,scalar,scalar,normal,MWAY,13107200.0,52428800.0,16,join_total,1118668932
sgx,mutex,scalar,scalar,normal,MWAY,13107200.0,52428800.0,16,build,0
sgx,mutex,scalar,scalar,normal,MWAY,13107200.0,52428800.0,16,probe,0
sgx,mutex,scalar,scalar,normal,MWAY,13107200.0,52428800.0,16,throughput,132.76
sgx,mutex,scalar,scalar,normal,MWAY,13107200.0,52428800.0,16,total,1431538540
sgx,mutex,scalar,scalar,normal,MWAY,13107200.0,52428800.0,16,partition,313680312
sgx,mutex,scalar,scalar,normal,MWAY,13107200.0,52428800.0,16,partition_1,0
sgx,mutex,scalar,scalar,normal,MWAY,13107200.0,52428800.0,16,partition_2,0
sgx,mutex,scalar,scalar,normal,MWAY,13107200.0,52428800.0,16,join_total,1117858228
sgx,mutex,scalar,scalar,normal,MWAY,13107200.0,52428800.0,16,build,0
sgx,mutex,scalar,scalar,normal,MWAY,13107200.0,52428800.0,16,probe,0
sgx,mutex,scalar,scalar,normal,MWAY,13107200.0,52428800.0,16,throughput,133.11
sgx,mutex,scalar,scalar,normal,MWAY,13107200.0,52428800.0,16,total,1427846162
sgx,mutex,scalar,scalar,normal,MWAY,13107200.0,52428800.0,16,partition,312807716
sgx,mutex,scalar,scalar,normal,MWAY,13107200.0,52428800.0,16,partition_1,0
sgx,mutex,scalar,scalar,normal,MWAY,13107200.0,52428800.0,16,partition_2,0
sgx,mutex,scalar,scalar,normal,MWAY,13107200.0,52428800.0,16,join_total,1115038446
sgx,mutex,scalar,scalar,normal,MWAY,13107200.0,52428800.0,16,build,0
sgx,mutex,scalar,scalar,normal,MWAY,13107200.0,52428800.0,16,probe,0
sgx,mutex,scalar,scalar,normal,MWAY,13107200.0,52428800.0,16,throughput,131.89
sgx,mutex,scalar,scalar,normal,MWAY,13107200.0,52428800.0,16,total,1440993552
sgx,mutex,scalar,scalar,normal,MWAY,13107200.0,52428800.0,16,partition,314076550
sgx,mutex,scalar,scalar,normal,MWAY,13107200.0,52428800.0,16,partition_1,0
sgx,mutex,scalar,scalar,normal,MWAY,13107200.0,52428800.0,16,partition_2,0
sgx,mutex,scalar,scalar,normal,MWAY,13107200.0,52428800.0,16,join_total,1126917002
sgx,mutex,scalar,scalar,normal,MWAY,13107200.0,52428800.0,16,build,0
sgx,mutex,scalar,scalar,normal,MWAY,13107200.0,52428800.0,16,probe,0
sgx,mutex,scalar,scalar,normal,INL,13107200.0,52428800.0,16,throughput,140.7
sgx,mutex,scalar,scalar,normal,INL,13107200.0,52428800.0,16,probe,1350803574
sgx,mutex,scalar,scalar,normal,INL,13107200.0,52428800.0,16,throughput,140.65
sgx,mutex,scalar,scalar,normal,INL,13107200.0,52428800.0,16,probe,1351254634
sgx,mutex,scalar,scalar,normal,INL,13107200.0,52428800.0,16,throughput,140.58
sgx,mutex,scalar,scalar,normal,INL,13107200.0,52428800.0,16,probe,1351894706
sgx,mutex,scalar,scalar,normal,INL,13107200.0,52428800.0,16,throughput,140.72
sgx,mutex,scalar,scalar,normal,INL,13107200.0,52428800.0,16,probe,1350621340
sgx,mutex,scalar,scalar,normal,INL,13107200.0,52428800.0,16,throughput,140.62
sgx,mutex,scalar,scalar,normal,INL,13107200.0,52428800.0,16,probe,1351509118
sgx,mutex,scalar,scalar,normal,INL,13107200.0,52428800.0,16,throughput,140.56
sgx,mutex,scalar,scalar,normal,INL,13107200.0,52428800.0,16,probe,1352104208
sgx,mutex,scalar,scalar,normal,INL,13107200.0,52428800.0,16,throughput,140.57
sgx,mutex,scalar,scalar,normal,INL,13107200.0,52428800.0,16,probe,1352057542
sgx,mutex,scalar,scalar,normal,INL,13107200.0,52428800.0,16,throughput,141.24
sgx,mutex,scalar,scalar,normal,INL,13107200.0,52428800.0,16,probe,1345639594
sgx,mutex,scalar,scalar,normal,INL,13107200.0,52428800.0,16,throughput,141.25
sgx,mutex,scalar,scalar,normal,INL,13107200.0,52428800.0,16,probe,1345483794
sgx,mutex,scalar,scalar,normal,INL,13107200.0,52428800.0,16,throughput,140.76
sgx,mutex,scalar,scalar,normal,INL,13107200.0,52428800.0,16,probe,1350192418
sgx,mutex,scalar,scalar,normal,CrkJoin,13107200.0,52428800.0,16,throughput,59.25
sgx,mutex,scalar,scalar,normal,CrkJoin,13107200.0,52428800.0,16,throughput,59.19
sgx,mutex,scalar,scalar,normal,CrkJoin,13107200.0,52428800.0,16,throughput,59.35
sgx,mutex,scalar,scalar,normal,CrkJoin,13107200.0,52428800.0,16,throughput,59.41
sgx,mutex,scalar,scalar,normal,CrkJoin,13107200.0,52428800.0,16,throughput,59.53
sgx,mutex,scalar,scalar,normal,CrkJoin,13107200.0,52428800.0,16,throughput,59.54
sgx,mutex,scalar,scalar,normal,CrkJoin,13107200.0,52428800.0,16,throughput,59.52
sgx,mutex,scalar,scalar,normal,CrkJoin,13107200.0,52428800.0,16,throughput,59.46
sgx,mutex,scalar,scalar,normal,CrkJoin,13107200.0,52428800.0,16,throughput,59.52
sgx,mutex,scalar,scalar,normal,CrkJoin,13107200.0,52428800.0,16,throughput,59.35
