mode,flags,alg,materialize,threads,size_r,size_s,init_core,dynamic_enclave,measurement,value
native,FORCE_2_PHASES,RHO,False,16,13107200.0,52428800.0,0,False,throughput,1198.34
native,FORCE_2_PHASES,RHO,False,16,13107200.0,52428800.0,0,False,total,158599482
native,FORCE_2_PHASES,RHO,False,16,13107200.0,52428800.0,0,False,partition,130227322
native,FORCE_2_PHASES,RHO,False,16,13107200.0,52428800.0,0,False,partition_1,64834042
native,FORCE_2_PHASES,RHO,False,16,13107200.0,52428800.0,0,False,partition_r,16437652
native,FORCE_2_PHASES,RHO,False,16,13107200.0,52428800.0,0,False,partition_s,47991842
native,FORCE_2_PHASES,RHO,False,16,13107200.0,52428800.0,0,False,partition_2,65392324
native,FORCE_2_PHASES,RHO,False,16,13107200.0,52428800.0,0,False,partition_2_h,33770688
native,FORCE_2_PHASES,RHO,False,16,13107200.0,52428800.0,0,False,partition_2_c,35844116
native,FORCE_2_PHASES,RHO,False,16,13107200.0,52428800.0,0,False,join_total,28371592
native,FORCE_2_PHASES,RHO,False,16,13107200.0,52428800.0,0,False,build,6741058
native,FORCE_2_PHASES,RHO,False,16,13107200.0,52428800.0,0,False,probe,21728534
native,FORCE_2_PHASES,RHO,False,16,13107200.0,52428800.0,0,False,throughput,1186.32
native,FORCE_2_PHASES,RHO,False,16,13107200.0,52428800.0,0,False,total,160206526
native,FORCE_2_PHASES,RHO,False,16,13107200.0,52428800.0,0,False,partition,130056230
native,FORCE_2_PHASES,RHO,False,16,13107200.0,52428800.0,0,False,partition_1,65277118
native,FORCE_2_PHASES,RHO,False,16,13107200.0,52428800.0,0,False,partition_r,16814748
native,FORCE_2_PHASES,RHO,False,16,13107200.0,52428800.0,0,False,partition_s,47925914
native,FORCE_2_PHASES,RHO,False,16,13107200.0,52428800.0,0,False,partition_2,64778228
native,FORCE_2_PHASES,RHO,False,16,13107200.0,52428800.0,0,False,partition_2_h,33364260
native,FORCE_2_PHASES,RHO,False,16,13107200.0,52428800.0,0,False,partition_2_c,36371468
native,FORCE_2_PHASES,RHO,False,16,13107200.0,52428800.0,0,False,join_total,30149054
native,FORCE_2_PHASES,RHO,False,16,13107200.0,52428800.0,0,False,build,9320878
native,FORCE_2_PHASES,RHO,False,16,13107200.0,52428800.0,0,False,probe,23557168
native,FORCE_2_PHASES,RHO,False,16,13107200.0,52428800.0,0,False,throughput,1178.71
native,FORCE_2_PHASES,RHO,False,16,13107200.0,52428800.0,0,False,total,161242348
native,FORCE_2_PHASES,RHO,False,16,13107200.0,52428800.0,0,False,partition,130750518
native,FORCE_2_PHASES,RHO,False,16,13107200.0,52428800.0,0,False,partition_1,64898540
native,FORCE_2_PHASES,RHO,False,16,13107200.0,52428800.0,0,False,partition_r,16446780
native,FORCE_2_PHASES,RHO,False,16,13107200.0,52428800.0,0,False,partition_s,47980486
native,FORCE_2_PHASES,RHO,False,16,13107200.0,52428800.0,0,False,partition_2,65851390
native,FORCE_2_PHASES,RHO,False,16,13107200.0,52428800.0,0,False,partition_2_h,34383990
native,FORCE_2_PHASES,RHO,False,16,13107200.0,52428800.0,0,False,partition_2_c,36377832
native,FORCE_2_PHASES,RHO,False,16,13107200.0,52428800.0,0,False,join_total,30490808
native,FORCE_2_PHASES,RHO,False,16,13107200.0,52428800.0,0,False,build,9799076
native,FORCE_2_PHASES,RHO,False,16,13107200.0,52428800.0,0,False,probe,22662542
native,FORCE_2_PHASES,RHO,False,16,13107200.0,52428800.0,0,False,throughput,1190.57
native,FORCE_2_PHASES,RHO,False,16,13107200.0,52428800.0,0,False,total,159633866
native,FORCE_2_PHASES,RHO,False,16,13107200.0,52428800.0,0,False,partition,130181760
native,FORCE_2_PHASES,RHO,False,16,13107200.0,52428800.0,0,False,partition_1,64821486
native,FORCE_2_PHASES,RHO,False,16,13107200.0,52428800.0,0,False,partition_r,16443442
native,FORCE_2_PHASES,RHO,False,16,13107200.0,52428800.0,0,False,partition_s,47905940
native,FORCE_2_PHASES,RHO,False,16,13107200.0,52428800.0,0,False,partition_2,65359482
native,FORCE_2_PHASES,RHO,False,16,13107200.0,52428800.0,0,False,partition_2_h,33824444
native,FORCE_2_PHASES,RHO,False,16,13107200.0,52428800.0,0,False,partition_2_c,36418518
native,FORCE_2_PHASES,RHO,False,16,13107200.0,52428800.0,0,False,join_total,29451086
native,FORCE_2_PHASES,RHO,False,16,13107200.0,52428800.0,0,False,build,9060446
native,FORCE_2_PHASES,RHO,False,16,13107200.0,52428800.0,0,False,probe,22300318
native,FORCE_2_PHASES,RHO,False,16,13107200.0,52428800.0,0,False,throughput,1184.03
native,FORCE_2_PHASES,RHO,False,16,13107200.0,52428800.0,0,False,total,160515482
native,FORCE_2_PHASES,RHO,False,16,13107200.0,52428800.0,0,False,partition,129978968
native,FORCE_2_PHASES,RHO,False,16,13107200.0,52428800.0,0,False,partition_1,64829708
native,FORCE_2_PHASES,RHO,False,16,13107200.0,52428800.0,0,False,partition_r,16421380
native,FORCE_2_PHASES,RHO,False,16,13107200.0,52428800.0,0,False,partition_s,47802094
native,FORCE_2_PHASES,RHO,False,16,13107200.0,52428800.0,0,False,partition_2,65148604
native,FORCE_2_PHASES,RHO,False,16,13107200.0,52428800.0,0,False,partition_2_h,33821702
native,FORCE_2_PHASES,RHO,False,16,13107200.0,52428800.0,0,False,partition_2_c,36362040
native,FORCE_2_PHASES,RHO,False,16,13107200.0,52428800.0,0,False,join_total,30535398
native,FORCE_2_PHASES,RHO,False,16,13107200.0,52428800.0,0,False,build,11205970
native,FORCE_2_PHASES,RHO,False,16,13107200.0,52428800.0,0,False,probe,22833088
native,FORCE_2_PHASES,RHO,False,16,13107200.0,52428800.0,0,False,throughput,1186.77
native,FORCE_2_PHASES,RHO,False,16,13107200.0,52428800.0,0,False,total,160143910
native,FORCE_2_PHASES,RHO,False,16,13107200.0,52428800.0,0,False,partition,130125902
native,FORCE_2_PHASES,RHO,False,16,13107200.0,52428800.0,0,False,partition_1,64863108
native,FORCE_2_PHASES,RHO,False,16,13107200.0,52428800.0,0,False,partition_r,16542424
native,FORCE_2_PHASES,RHO,False,16,13107200.0,52428800.0,0,False,partition_s,47814596
native,FORCE_2_PHASES,RHO,False,16,13107200.0,52428800.0,0,False,partition_2,65262120
native,FORCE_2_PHASES,RHO,False,16,13107200.0,52428800.0,0,False,partition_2_h,33473606
native,FORCE_2_PHASES,RHO,False,16,13107200.0,52428800.0,0,False,partition_2_c,36433452
native,FORCE_2_PHASES,RHO,False,16,13107200.0,52428800.0,0,False,join_total,30017104
native,FORCE_2_PHASES,RHO,False,16,13107200.0,52428800.0,0,False,build,10965486
native,FORCE_2_PHASES,RHO,False,16,13107200.0,52428800.0,0,False,probe,22718648
native,FORCE_2_PHASES,RHO,False,16,13107200.0,52428800.0,0,False,throughput,1294.18
native,FORCE_2_PHASES,RHO,False,16,13107200.0,52428800.0,0,False,total,146855298
native,FORCE_2_PHASES,RHO,False,16,13107200.0,52428800.0,0,False,partition,118364506
native,FORCE_2_PHASES,RHO,False,16,13107200.0,52428800.0,0,False,partition_1,65314260
native,FORCE_2_PHASES,RHO,False,16,13107200.0,52428800.0,0,False,partition_r,16470232
native,FORCE_2_PHASES,RHO,False,16,13107200.0,52428800.0,0,False,partition_s,48468088
native,FORCE_2_PHASES,RHO,False,16,13107200.0,52428800.0,0,False,partition_2,53049338
native,FORCE_2_PHASES,RHO,False,16,13107200.0,52428800.0,0,False,partition_2_h,15974552
native,FORCE_2_PHASES,RHO,False,16,13107200.0,52428800.0,0,False,partition_2_c,37174222
native,FORCE_2_PHASES,RHO,False,16,13107200.0,52428800.0,0,False,join_total,28490374
native,FORCE_2_PHASES,RHO,False,16,13107200.0,52428800.0,0,False,build,6810104
native,FORCE_2_PHASES,RHO,False,16,13107200.0,52428800.0,0,False,probe,21617682
native,FORCE_2_PHASES,RHO,False,16,13107200.0,52428800.0,0,False,throughput,1191.2
native,FORCE_2_PHASES,RHO,False,16,13107200.0,52428800.0,0,False,total,159550828
native,FORCE_2_PHASES,RHO,False,16,13107200.0,52428800.0,0,False,partition,129757472
native,FORCE_2_PHASES,RHO,False,16,13107200.0,52428800.0,0,False,partition_1,65258390
native,FORCE_2_PHASES,RHO,False,16,13107200.0,52428800.0,0,False,partition_r,16414254
native,FORCE_2_PHASES,RHO,False,16,13107200.0,52428800.0,0,False,partition_s,47995186
native,FORCE_2_PHASES,RHO,False,16,13107200.0,52428800.0,0,False,partition_2,64498590
native,FORCE_2_PHASES,RHO,False,16,13107200.0,52428800.0,0,False,partition_2_h,32860106
native,FORCE_2_PHASES,RHO,False,16,13107200.0,52428800.0,0,False,partition_2_c,36412264
native,FORCE_2_PHASES,RHO,False,16,13107200.0,52428800.0,0,False,join_total,29792184
native,FORCE_2_PHASES,RHO,False,16,13107200.0,52428800.0,0,False,build,10118448
native,FORCE_2_PHASES,RHO,False,16,13107200.0,52428800.0,0,False,probe,23096630
native,FORCE_2_PHASES,RHO,False,16,13107200.0,52428800.0,0,False,throughput,1212.75
native,FORCE_2_PHASES,RHO,False,16,13107200.0,52428800.0,0,False,total,156713256
native,FORCE_2_PHASES,RHO,False,16,13107200.0,52428800.0,0,False,partition,129162502
native,FORCE_2_PHASES,RHO,False,16,13107200.0,52428800.0,0,False,partition_1,64752086
native,FORCE_2_PHASES,RHO,False,16,13107200.0,52428800.0,0,False,partition_r,16424698
native,FORCE_2_PHASES,RHO,False,16,13107200.0,52428800.0,0,False,partition_s,48119842
native,FORCE_2_PHASES,RHO,False,16,13107200.0,52428800.0,0,False,partition_2,64410108
native,FORCE_2_PHASES,RHO,False,16,13107200.0,52428800.0,0,False,partition_2_h,33040764
native,FORCE_2_PHASES,RHO,False,16,13107200.0,52428800.0,0,False,partition_2_c,36447232
native,FORCE_2_PHASES,RHO,False,16,13107200.0,52428800.0,0,False,join_total,27550268
native,FORCE_2_PHASES,RHO,False,16,13107200.0,52428800.0,0,False,build,6348484
native,FORCE_2_PHASES,RHO,False,16,13107200.0,52428800.0,0,False,probe,21011750
native,FORCE_2_PHASES,RHO,False,16,13107200.0,52428800.0,0,False,throughput,1178.13
native,FORCE_2_PHASES,RHO,False,16,13107200.0,52428800.0,0,False,total,161319118
native,FORCE_2_PHASES,RHO,False,16,13107200.0,52428800.0,0,False,partition,130690792
native,FORCE_2_PHASES,RHO,False,16,13107200.0,52428800.0,0,False,partition_1,65471656
native,FORCE_2_PHASES,RHO,False,16,13107200.0,52428800.0,0,False,partition_r,16431332
native,FORCE_2_PHASES,RHO,False,16,13107200.0,52428800.0,0,False,partition_s,48478700
native,FORCE_2_PHASES,RHO,False,16,13107200.0,52428800.0,0,False,partition_2,65218382
native,FORCE_2_PHASES,RHO,False,16,13107200.0,52428800.0,0,False,partition_2_h,33136702
native,FORCE_2_PHASES,RHO,False,16,13107200.0,52428800.0,0,False,partition_2_c,35571774
native,FORCE_2_PHASES,RHO,False,16,13107200.0,52428800.0,0,False,join_total,30627826
native,FORCE_2_PHASES,RHO,False,16,13107200.0,52428800.0,0,False,build,10702222
native,FORCE_2_PHASES,RHO,False,16,13107200.0,52428800.0,0,False,probe,24214392
native,FORCE_2_PHASES,PHT,False,16,13107200.0,52428800.0,0,False,throughput,624.09
native,FORCE_2_PHASES,PHT,False,16,13107200.0,52428800.0,0,False,total,304532064
native,FORCE_2_PHASES,PHT,False,16,13107200.0,52428800.0,0,False,build,73597708
native,FORCE_2_PHASES,PHT,False,16,13107200.0,52428800.0,0,False,probe,230934356
native,FORCE_2_PHASES,PHT,False,16,13107200.0,52428800.0,0,False,throughput,625.81
native,FORCE_2_PHASES,PHT,False,16,13107200.0,52428800.0,0,False,total,303695086
native,FORCE_2_PHASES,PHT,False,16,13107200.0,52428800.0,0,False,build,73703724
native,FORCE_2_PHASES,PHT,False,16,13107200.0,52428800.0,0,False,probe,229991362
native,FORCE_2_PHASES,PHT,False,16,13107200.0,52428800.0,0,False,throughput,624.96
native,FORCE_2_PHASES,PHT,False,16,13107200.0,52428800.0,0,False,total,304108694
native,FORCE_2_PHASES,PHT,False,16,13107200.0,52428800.0,0,False,build,73817734
native,FORCE_2_PHASES,PHT,False,16,13107200.0,52428800.0,0,False,probe,230290960
native,FORCE_2_PHASES,PHT,False,16,13107200.0,52428800.0,0,False,throughput,625.67
native,FORCE_2_PHASES,PHT,False,16,13107200.0,52428800.0,0,False,total,303760516
native,FORCE_2_PHASES,PHT,False,16,13107200.0,52428800.0,0,False,build,73450054
native,FORCE_2_PHASES,PHT,False,16,13107200.0,52428800.0,0,False,probe,230310462
native,FORCE_2_PHASES,PHT,False,16,13107200.0,52428800.0,0,False,throughput,625.17
native,FORCE_2_PHASES,PHT,False,16,13107200.0,52428800.0,0,False,total,304006494
native,FORCE_2_PHASES,PHT,False,16,13107200.0,52428800.0,0,False,build,73493746
native,FORCE_2_PHASES,PHT,False,16,13107200.0,52428800.0,0,False,probe,230512748
native,FORCE_2_PHASES,PHT,False,16,13107200.0,52428800.0,0,False,throughput,625.05
native,FORCE_2_PHASES,PHT,False,16,13107200.0,52428800.0,0,False,total,304063244
native,FORCE_2_PHASES,PHT,False,16,13107200.0,52428800.0,0,False,build,73668004
native,FORCE_2_PHASES,PHT,False,16,13107200.0,52428800.0,0,False,probe,230395240
native,FORCE_2_PHASES,PHT,False,16,13107200.0,52428800.0,0,False,throughput,624.26
native,FORCE_2_PHASES,PHT,False,16,13107200.0,52428800.0,0,False,total,304449208
native,FORCE_2_PHASES,PHT,False,16,13107200.0,52428800.0,0,False,build,73952506
native,FORCE_2_PHASES,PHT,False,16,13107200.0,52428800.0,0,False,probe,230496702
native,FORCE_2_PHASES,PHT,False,16,13107200.0,52428800.0,0,False,throughput,626.22
native,FORCE_2_PHASES,PHT,False,16,13107200.0,52428800.0,0,False,total,303497266
native,FORCE_2_PHASES,PHT,False,16,13107200.0,52428800.0,0,False,build,73530700
native,FORCE_2_PHASES,PHT,False,16,13107200.0,52428800.0,0,False,probe,229966566
native,FORCE_2_PHASES,PHT,False,16,13107200.0,52428800.0,0,False,throughput,624.57
native,FORCE_2_PHASES,PHT,False,16,13107200.0,52428800.0,0,False,total,304298714
native,FORCE_2_PHASES,PHT,False,16,13107200.0,52428800.0,0,False,build,73890332
native,FORCE_2_PHASES,PHT,False,16,13107200.0,52428800.0,0,False,probe,230408382
native,FORCE_2_PHASES,PHT,False,16,13107200.0,52428800.0,0,False,throughput,625.07
native,FORCE_2_PHASES,PHT,False,16,13107200.0,52428800.0,0,False,total,304054718
native,FORCE_2_PHASES,PHT,False,16,13107200.0,52428800.0,0,False,build,73625508
native,FORCE_2_PHASES,PHT,False,16,13107200.0,52428800.0,0,False,probe,230429210
sgx,FORCE_2_PHASES,RHO,False,16,13107200.0,52428800.0,0,False,throughput,753.23
sgx,FORCE_2_PHASES,RHO,False,16,13107200.0,52428800.0,0,False,total,252322064
sgx,FORCE_2_PHASES,RHO,False,16,13107200.0,52428800.0,0,False,partition,222539724
sgx,FORCE_2_PHASES,RHO,False,16,13107200.0,52428800.0,0,False,partition_1,110314096
sgx,FORCE_2_PHASES,RHO,False,16,13107200.0,52428800.0,0,False,partition_r,38203898
sgx,FORCE_2_PHASES,RHO,False,16,13107200.0,52428800.0,0,False,partition_s,71878316
sgx,FORCE_2_PHASES,RHO,False,16,13107200.0,52428800.0,0,False,partition_2,112224504
sgx,FORCE_2_PHASES,RHO,False,16,13107200.0,52428800.0,0,False,partition_2_h,40097690
sgx,FORCE_2_PHASES,RHO,False,16,13107200.0,52428800.0,0,False,partition_2_c,72385322
sgx,FORCE_2_PHASES,RHO,False,16,13107200.0,52428800.0,0,False,join_total,29781518
sgx,FORCE_2_PHASES,RHO,False,16,13107200.0,52428800.0,0,False,build,9136784
sgx,FORCE_2_PHASES,RHO,False,16,13107200.0,52428800.0,0,False,probe,20406156
sgx,FORCE_2_PHASES,RHO,False,16,13107200.0,52428800.0,0,False,throughput,757.1
sgx,FORCE_2_PHASES,RHO,False,16,13107200.0,52428800.0,0,False,total,251030008
sgx,FORCE_2_PHASES,RHO,False,16,13107200.0,52428800.0,0,False,partition,221670316
sgx,FORCE_2_PHASES,RHO,False,16,13107200.0,52428800.0,0,False,partition_1,110399690
sgx,FORCE_2_PHASES,RHO,False,16,13107200.0,52428800.0,0,False,partition_r,38192784
sgx,FORCE_2_PHASES,RHO,False,16,13107200.0,52428800.0,0,False,partition_s,72049340
sgx,FORCE_2_PHASES,RHO,False,16,13107200.0,52428800.0,0,False,partition_2,111269450
sgx,FORCE_2_PHASES,RHO,False,16,13107200.0,52428800.0,0,False,partition_2_h,39547020
sgx,FORCE_2_PHASES,RHO,False,16,13107200.0,52428800.0,0,False,partition_2_c,71792530
sgx,FORCE_2_PHASES,RHO,False,16,13107200.0,52428800.0,0,False,join_total,29358828
sgx,FORCE_2_PHASES,RHO,False,16,13107200.0,52428800.0,0,False,build,8534582
sgx,FORCE_2_PHASES,RHO,False,16,13107200.0,52428800.0,0,False,probe,20279612
sgx,FORCE_2_PHASES,RHO,False,16,13107200.0,52428800.0,0,False,throughput,758.81
sgx,FORCE_2_PHASES,RHO,False,16,13107200.0,52428800.0,0,False,total,250465624
sgx,FORCE_2_PHASES,RHO,False,16,13107200.0,52428800.0,0,False,partition,220673268
sgx,FORCE_2_PHASES,RHO,False,16,13107200.0,52428800.0,0,False,partition_1,110086524
sgx,FORCE_2_PHASES,RHO,False,16,13107200.0,52428800.0,0,False,partition_r,38196580
sgx,FORCE_2_PHASES,RHO,False,16,13107200.0,52428800.0,0,False,partition_s,71800822
sgx,FORCE_2_PHASES,RHO,False,16,13107200.0,52428800.0,0,False,partition_2,110585830
sgx,FORCE_2_PHASES,RHO,False,16,13107200.0,52428800.0,0,False,partition_2_h,39076952
sgx,FORCE_2_PHASES,RHO,False,16,13107200.0,52428800.0,0,False,partition_2_c,72060616
sgx,FORCE_2_PHASES,RHO,False,16,13107200.0,52428800.0,0,False,join_total,29791482
sgx,FORCE_2_PHASES,RHO,False,16,13107200.0,52428800.0,0,False,build,8581538
sgx,FORCE_2_PHASES,RHO,False,16,13107200.0,52428800.0,0,False,probe,20561310
sgx,FORCE_2_PHASES,RHO,False,16,13107200.0,52428800.0,0,False,throughput,756.4
sgx,FORCE_2_PHASES,RHO,False,16,13107200.0,52428800.0,0,False,total,251263942
sgx,FORCE_2_PHASES,RHO,False,16,13107200.0,52428800.0,0,False,partition,221747576
sgx,FORCE_2_PHASES,RHO,False,16,13107200.0,52428800.0,0,False,partition_1,110329530
sgx,FORCE_2_PHASES,RHO,False,16,13107200.0,52428800.0,0,False,partition_r,38150974
sgx,FORCE_2_PHASES,RHO,False,16,13107200.0,52428800.0,0,False,partition_s,71825238
sgx,FORCE_2_PHASES,RHO,False,16,13107200.0,52428800.0,0,False,partition_2,111417410
sgx,FORCE_2_PHASES,RHO,False,16,13107200.0,52428800.0,0,False,partition_2_h,39747400
sgx,FORCE_2_PHASES,RHO,False,16,13107200.0,52428800.0,0,False,partition_2_c,72072212
sgx,FORCE_2_PHASES,RHO,False,16,13107200.0,52428800.0,0,False,join_total,29515094
sgx,FORCE_2_PHASES,RHO,False,16,13107200.0,52428800.0,0,False,build,8647576
sgx,FORCE_2_PHASES,RHO,False,16,13107200.0,52428800.0,0,False,probe,20266090
sgx,FORCE_2_PHASES,RHO,False,16,13107200.0,52428800.0,0,False,throughput,758.57
sgx,FORCE_2_PHASES,RHO,False,16,13107200.0,52428800.0,0,False,total,250542890
sgx,FORCE_2_PHASES,RHO,False,16,13107200.0,52428800.0,0,False,partition,221298278
sgx,FORCE_2_PHASES,RHO,False,16,13107200.0,52428800.0,0,False,partition_1,110071612
sgx,FORCE_2_PHASES,RHO,False,16,13107200.0,52428800.0,0,False,partition_r,38021872
sgx,FORCE_2_PHASES,RHO,False,16,13107200.0,52428800.0,0,False,partition_s,71831766
sgx,FORCE_2_PHASES,RHO,False,16,13107200.0,52428800.0,0,False,partition_2,111226054
sgx,FORCE_2_PHASES,RHO,False,16,13107200.0,52428800.0,0,False,partition_2_h,39281232
sgx,FORCE_2_PHASES,RHO,False,16,13107200.0,52428800.0,0,False,partition_2_c,72274936
sgx,FORCE_2_PHASES,RHO,False,16,13107200.0,52428800.0,0,False,join_total,29243314
sgx,FORCE_2_PHASES,RHO,False,16,13107200.0,52428800.0,0,False,build,8598880
sgx,FORCE_2_PHASES,RHO,False,16,13107200.0,52428800.0,0,False,probe,20239776
sgx,FORCE_2_PHASES,RHO,False,16,13107200.0,52428800.0,0,False,throughput,758.5
sgx,FORCE_2_PHASES,RHO,False,16,13107200.0,52428800.0,0,False,total,250568672
sgx,FORCE_2_PHASES,RHO,False,16,13107200.0,52428800.0,0,False,partition,221180108
sgx,FORCE_2_PHASES,RHO,False,16,13107200.0,52428800.0,0,False,partition_1,110215898
sgx,FORCE_2_PHASES,RHO,False,16,13107200.0,52428800.0,0,False,partition_r,38101254
sgx,FORCE_2_PHASES,RHO,False,16,13107200.0,52428800.0,0,False,partition_s,71934786
sgx,FORCE_2_PHASES,RHO,False,16,13107200.0,52428800.0,0,False,partition_2,110963262
sgx,FORCE_2_PHASES,RHO,False,16,13107200.0,52428800.0,0,False,partition_2_h,39370706
sgx,FORCE_2_PHASES,RHO,False,16,13107200.0,52428800.0,0,False,partition_2_c,72027854
sgx,FORCE_2_PHASES,RHO,False,16,13107200.0,52428800.0,0,False,join_total,29387536
sgx,FORCE_2_PHASES,RHO,False,16,13107200.0,52428800.0,0,False,build,8651022
sgx,FORCE_2_PHASES,RHO,False,16,13107200.0,52428800.0,0,False,probe,20180640
sgx,FORCE_2_PHASES,RHO,False,16,13107200.0,52428800.0,0,False,throughput,752.83
sgx,FORCE_2_PHASES,RHO,False,16,13107200.0,52428800.0,0,False,total,252456190
sgx,FORCE_2_PHASES,RHO,False,16,13107200.0,52428800.0,0,False,partition,222143106
sgx,FORCE_2_PHASES,RHO,False,16,13107200.0,52428800.0,0,False,partition_1,110064200
sgx,FORCE_2_PHASES,RHO,False,16,13107200.0,52428800.0,0,False,partition_r,38058432
sgx,FORCE_2_PHASES,RHO,False,16,13107200.0,52428800.0,0,False,partition_s,71735442
sgx,FORCE_2_PHASES,RHO,False,16,13107200.0,52428800.0,0,False,partition_2,112077878
sgx,FORCE_2_PHASES,RHO,False,16,13107200.0,52428800.0,0,False,partition_2_h,40392104
sgx,FORCE_2_PHASES,RHO,False,16,13107200.0,52428800.0,0,False,partition_2_c,72459238
sgx,FORCE_2_PHASES,RHO,False,16,13107200.0,52428800.0,0,False,join_total,30312306
sgx,FORCE_2_PHASES,RHO,False,16,13107200.0,52428800.0,0,False,build,8818674
sgx,FORCE_2_PHASES,RHO,False,16,13107200.0,52428800.0,0,False,probe,21033122
sgx,FORCE_2_PHASES,RHO,False,16,13107200.0,52428800.0,0,False,throughput,759.25
sgx,FORCE_2_PHASES,RHO,False,16,13107200.0,52428800.0,0,False,total,250321660
sgx,FORCE_2_PHASES,RHO,False,16,13107200.0,52428800.0,0,False,partition,221094226
sgx,FORCE_2_PHASES,RHO,False,16,13107200.0,52428800.0,0,False,partition_1,110294750
sgx,FORCE_2_PHASES,RHO,False,16,13107200.0,52428800.0,0,False,partition_r,38130796
sgx,FORCE_2_PHASES,RHO,False,16,13107200.0,52428800.0,0,False,partition_s,71917010
sgx,FORCE_2_PHASES,RHO,False,16,13107200.0,52428800.0,0,False,partition_2,110797982
sgx,FORCE_2_PHASES,RHO,False,16,13107200.0,52428800.0,0,False,partition_2_h,39339026
sgx,FORCE_2_PHASES,RHO,False,16,13107200.0,52428800.0,0,False,partition_2_c,71749724
sgx,FORCE_2_PHASES,RHO,False,16,13107200.0,52428800.0,0,False,join_total,29226840
sgx,FORCE_2_PHASES,RHO,False,16,13107200.0,52428800.0,0,False,build,8508614
sgx,FORCE_2_PHASES,RHO,False,16,13107200.0,52428800.0,0,False,probe,20173324
sgx,FORCE_2_PHASES,RHO,False,16,13107200.0,52428800.0,0,False,throughput,757.8
sgx,FORCE_2_PHASES,RHO,False,16,13107200.0,52428800.0,0,False,total,250800666
sgx,FORCE_2_PHASES,RHO,False,16,13107200.0,52428800.0,0,False,partition,220982170
sgx,FORCE_2_PHASES,RHO,False,16,13107200.0,52428800.0,0,False,partition_1,110131254
sgx,FORCE_2_PHASES,RHO,False,16,13107200.0,52428800.0,0,False,partition_r,38102718
sgx,FORCE_2_PHASES,RHO,False,16,13107200.0,52428800.0,0,False,partition_s,71808688
sgx,FORCE_2_PHASES,RHO,False,16,13107200.0,52428800.0,0,False,partition_2,110849940
sgx,FORCE_2_PHASES,RHO,False,16,13107200.0,52428800.0,0,False,partition_2_h,39266646
sgx,FORCE_2_PHASES,RHO,False,16,13107200.0,52428800.0,0,False,partition_2_c,72018532
sgx,FORCE_2_PHASES,RHO,False,16,13107200.0,52428800.0,0,False,join_total,29817344
sgx,FORCE_2_PHASES,RHO,False,16,13107200.0,52428800.0,0,False,build,8558608
sgx,FORCE_2_PHASES,RHO,False,16,13107200.0,52428800.0,0,False,probe,20666906
sgx,FORCE_2_PHASES,RHO,False,16,13107200.0,52428800.0,0,False,throughput,758.86
sgx,FORCE_2_PHASES,RHO,False,16,13107200.0,52428800.0,0,False,total,250447288
sgx,FORCE_2_PHASES,RHO,False,16,13107200.0,52428800.0,0,False,partition,220783132
sgx,FORCE_2_PHASES,RHO,False,16,13107200.0,52428800.0,0,False,partition_1,110217446
sgx,FORCE_2_PHASES,RHO,False,16,13107200.0,52428800.0,0,False,partition_r,38037562
sgx,FORCE_2_PHASES,RHO,False,16,13107200.0,52428800.0,0,False,partition_s,71987296
sgx,FORCE_2_PHASES,RHO,False,16,13107200.0,52428800.0,0,False,partition_2,110564938
sgx,FORCE_2_PHASES,RHO,False,16,13107200.0,52428800.0,0,False,partition_2_h,38967762
sgx,FORCE_2_PHASES,RHO,False,16,13107200.0,52428800.0,0,False,partition_2_c,72054472
sgx,FORCE_2_PHASES,RHO,False,16,13107200.0,52428800.0,0,False,join_total,29662946
sgx,FORCE_2_PHASES,RHO,False,16,13107200.0,52428800.0,0,False,build,8660758
sgx,FORCE_2_PHASES,RHO,False,16,13107200.0,52428800.0,0,False,probe,20407108
sgx,FORCE_2_PHASES,PHT,False,16,13107200.0,52428800.0,0,False,throughput,274.15
sgx,FORCE_2_PHASES,PHT,False,16,13107200.0,52428800.0,0,False,total,693244286
sgx,FORCE_2_PHASES,PHT,False,16,13107200.0,52428800.0,0,False,build,383361818
sgx,FORCE_2_PHASES,PHT,False,16,13107200.0,52428800.0,0,False,probe,309882468
sgx,FORCE_2_PHASES,PHT,False,16,13107200.0,52428800.0,0,False,throughput,273.57
sgx,FORCE_2_PHASES,PHT,False,16,13107200.0,52428800.0,0,False,total,694716286
sgx,FORCE_2_PHASES,PHT,False,16,13107200.0,52428800.0,0,False,build,383881656
sgx,FORCE_2_PHASES,PHT,False,16,13107200.0,52428800.0,0,False,probe,310834630
sgx,FORCE_2_PHASES,PHT,False,16,13107200.0,52428800.0,0,False,throughput,273.97
sgx,FORCE_2_PHASES,PHT,False,16,13107200.0,52428800.0,0,False,total,693710690
sgx,FORCE_2_PHASES,PHT,False,16,13107200.0,52428800.0,0,False,build,383347532
sgx,FORCE_2_PHASES,PHT,False,16,13107200.0,52428800.0,0,False,probe,310363158
sgx,FORCE_2_PHASES,PHT,False,16,13107200.0,52428800.0,0,False,throughput,273.17
sgx,FORCE_2_PHASES,PHT,False,16,13107200.0,52428800.0,0,False,total,695744428
sgx,FORCE_2_PHASES,PHT,False,16,13107200.0,52428800.0,0,False,build,384250526
sgx,FORCE_2_PHASES,PHT,False,16,13107200.0,52428800.0,0,False,probe,311493902
sgx,FORCE_2_PHASES,PHT,False,16,13107200.0,52428800.0,0,False,throughput,273.76
sgx,FORCE_2_PHASES,PHT,False,16,13107200.0,52428800.0,0,False,total,694235814
sgx,FORCE_2_PHASES,PHT,False,16,13107200.0,52428800.0,0,False,build,383607390
sgx,FORCE_2_PHASES,PHT,False,16,13107200.0,52428800.0,0,False,probe,310628424
sgx,FORCE_2_PHASES,PHT,False,16,13107200.0,52428800.0,0,False,throughput,272.99
sgx,FORCE_2_PHASES,PHT,False,16,13107200.0,52428800.0,0,False,total,696187478
sgx,FORCE_2_PHASES,PHT,False,16,13107200.0,52428800.0,0,False,build,384523000
sgx,FORCE_2_PHASES,PHT,False,16,13107200.0,52428800.0,0,False,probe,311664478
sgx,FORCE_2_PHASES,PHT,False,16,13107200.0,52428800.0,0,False,throughput,273.3
sgx,FORCE_2_PHASES,PHT,False,16,13107200.0,52428800.0,0,False,total,695413416
sgx,FORCE_2_PHASES,PHT,False,16,13107200.0,52428800.0,0,False,build,384230908
sgx,FORCE_2_PHASES,PHT,False,16,13107200.0,52428800.0,0,False,probe,311182508
sgx,FORCE_2_PHASES,PHT,False,16,13107200.0,52428800.0,0,False,throughput,273.45
sgx,FORCE_2_PHASES,PHT,False,16,13107200.0,52428800.0,0,False,total,695024070
sgx,FORCE_2_PHASES,PHT,False,16,13107200.0,52428800.0,0,False,build,383965062
sgx,FORCE_2_PHASES,PHT,False,16,13107200.0,52428800.0,0,False,probe,311059008
sgx,FORCE_2_PHASES,PHT,False,16,13107200.0,52428800.0,0,False,throughput,273.51
sgx,FORCE_2_PHASES,PHT,False,16,13107200.0,52428800.0,0,False,total,694871604
sgx,FORCE_2_PHASES,PHT,False,16,13107200.0,52428800.0,0,False,build,383733818
sgx,FORCE_2_PHASES,PHT,False,16,13107200.0,52428800.0,0,False,probe,311137786
sgx,FORCE_2_PHASES,PHT,False,16,13107200.0,52428800.0,0,False,throughput,271.98
sgx,FORCE_2_PHASES,PHT,False,16,13107200.0,52428800.0,0,False,total,698790616
sgx,FORCE_2_PHASES,PHT,False,16,13107200.0,52428800.0,0,False,build,385985798
sgx,FORCE_2_PHASES,PHT,False,16,13107200.0,52428800.0,0,False,probe,312804818
native,FORCE_2_PHASES UNROLL,RHO,False,16,13107200.0,52428800.0,0,False,throughput,1443.17
native,FORCE_2_PHASES UNROLL,RHO,False,16,13107200.0,52428800.0,0,False,total,131692570
native,FORCE_2_PHASES UNROLL,RHO,False,16,13107200.0,52428800.0,0,False,partition,101867506
native,FORCE_2_PHASES UNROLL,RHO,False,16,13107200.0,52428800.0,0,False,partition_1,50960718
native,FORCE_2_PHASES UNROLL,RHO,False,16,13107200.0,52428800.0,0,False,partition_r,16596412
native,FORCE_2_PHASES UNROLL,RHO,False,16,13107200.0,52428800.0,0,False,partition_s,34334134
native,FORCE_2_PHASES UNROLL,RHO,False,16,13107200.0,52428800.0,0,False,partition_2,50905886
native,FORCE_2_PHASES UNROLL,RHO,False,16,13107200.0,52428800.0,0,False,partition_2_h,16755076
native,FORCE_2_PHASES UNROLL,RHO,False,16,13107200.0,52428800.0,0,False,partition_2_c,34153194
native,FORCE_2_PHASES UNROLL,RHO,False,16,13107200.0,52428800.0,0,False,join_total,29824624
native,FORCE_2_PHASES UNROLL,RHO,False,16,13107200.0,52428800.0,0,False,build,9086448
native,FORCE_2_PHASES UNROLL,RHO,False,16,13107200.0,52428800.0,0,False,probe,23911746
native,FORCE_2_PHASES UNROLL,RHO,False,16,13107200.0,52428800.0,0,False,throughput,1444.22
native,FORCE_2_PHASES UNROLL,RHO,False,16,13107200.0,52428800.0,0,False,total,131597026
native,FORCE_2_PHASES UNROLL,RHO,False,16,13107200.0,52428800.0,0,False,partition,102280968
native,FORCE_2_PHASES UNROLL,RHO,False,16,13107200.0,52428800.0,0,False,partition_1,50749420
native,FORCE_2_PHASES UNROLL,RHO,False,16,13107200.0,52428800.0,0,False,partition_r,16300788
native,FORCE_2_PHASES UNROLL,RHO,False,16,13107200.0,52428800.0,0,False,partition_s,34387736
native,FORCE_2_PHASES UNROLL,RHO,False,16,13107200.0,52428800.0,0,False,partition_2,51531198
native,FORCE_2_PHASES UNROLL,RHO,False,16,13107200.0,52428800.0,0,False,partition_2_h,16872116
native,FORCE_2_PHASES UNROLL,RHO,False,16,13107200.0,52428800.0,0,False,partition_2_c,34904186
native,FORCE_2_PHASES UNROLL,RHO,False,16,13107200.0,52428800.0,0,False,join_total,29315230
native,FORCE_2_PHASES UNROLL,RHO,False,16,13107200.0,52428800.0,0,False,build,8464646
native,FORCE_2_PHASES UNROLL,RHO,False,16,13107200.0,52428800.0,0,False,probe,23880442
native,FORCE_2_PHASES UNROLL,RHO,False,16,13107200.0,52428800.0,0,False,throughput,1317.65
native,FORCE_2_PHASES UNROLL,RHO,False,16,13107200.0,52428800.0,0,False,total,144237482
native,FORCE_2_PHASES UNROLL,RHO,False,16,13107200.0,52428800.0,0,False,partition,113234502
native,FORCE_2_PHASES UNROLL,RHO,False,16,13107200.0,52428800.0,0,False,partition_1,50839386
native,FORCE_2_PHASES UNROLL,RHO,False,16,13107200.0,52428800.0,0,False,partition_r,16435410
native,FORCE_2_PHASES UNROLL,RHO,False,16,13107200.0,52428800.0,0,False,partition_s,34336378
native,FORCE_2_PHASES UNROLL,RHO,False,16,13107200.0,52428800.0,0,False,partition_2,62394202
native,FORCE_2_PHASES UNROLL,RHO,False,16,13107200.0,52428800.0,0,False,partition_2_h,35886290
native,FORCE_2_PHASES UNROLL,RHO,False,16,13107200.0,52428800.0,0,False,partition_2_c,33070192
native,FORCE_2_PHASES UNROLL,RHO,False,16,13107200.0,52428800.0,0,False,join_total,31002492
native,FORCE_2_PHASES UNROLL,RHO,False,16,13107200.0,52428800.0,0,False,build,11399390
native,FORCE_2_PHASES UNROLL,RHO,False,16,13107200.0,52428800.0,0,False,probe,23531654
native,FORCE_2_PHASES UNROLL,RHO,False,16,13107200.0,52428800.0,0,False,throughput,1351.82
native,FORCE_2_PHASES UNROLL,RHO,False,16,13107200.0,52428800.0,0,False,total,140593444
native,FORCE_2_PHASES UNROLL,RHO,False,16,13107200.0,52428800.0,0,False,partition,112239544
native,FORCE_2_PHASES UNROLL,RHO,False,16,13107200.0,52428800.0,0,False,partition_1,50683834
native,FORCE_2_PHASES UNROLL,RHO,False,16,13107200.0,52428800.0,0,False,partition_r,16282612
native,FORCE_2_PHASES UNROLL,RHO,False,16,13107200.0,52428800.0,0,False,partition_s,34305640
native,FORCE_2_PHASES UNROLL,RHO,False,16,13107200.0,52428800.0,0,False,partition_2,61555008
native,FORCE_2_PHASES UNROLL,RHO,False,16,13107200.0,52428800.0,0,False,partition_2_h,34505110
native,FORCE_2_PHASES UNROLL,RHO,False,16,13107200.0,52428800.0,0,False,partition_2_c,33175348
native,FORCE_2_PHASES UNROLL,RHO,False,16,13107200.0,52428800.0,0,False,join_total,28352608
native,FORCE_2_PHASES UNROLL,RHO,False,16,13107200.0,52428800.0,0,False,build,6978406
native,FORCE_2_PHASES UNROLL,RHO,False,16,13107200.0,52428800.0,0,False,probe,22662848
native,FORCE_2_PHASES UNROLL,RHO,False,16,13107200.0,52428800.0,0,False,throughput,1450.46
native,FORCE_2_PHASES UNROLL,RHO,False,16,13107200.0,52428800.0,0,False,total,131030724
native,FORCE_2_PHASES UNROLL,RHO,False,16,13107200.0,52428800.0,0,False,partition,101900602
native,FORCE_2_PHASES UNROLL,RHO,False,16,13107200.0,52428800.0,0,False,partition_1,51060978
native,FORCE_2_PHASES UNROLL,RHO,False,16,13107200.0,52428800.0,0,False,partition_r,16406874
native,FORCE_2_PHASES UNROLL,RHO,False,16,13107200.0,52428800.0,0,False,partition_s,34514074
native,FORCE_2_PHASES UNROLL,RHO,False,16,13107200.0,52428800.0,0,False,partition_2,50838742
native,FORCE_2_PHASES UNROLL,RHO,False,16,13107200.0,52428800.0,0,False,partition_2_h,16878300
native,FORCE_2_PHASES UNROLL,RHO,False,16,13107200.0,52428800.0,0,False,partition_2_c,34084154
native,FORCE_2_PHASES UNROLL,RHO,False,16,13107200.0,52428800.0,0,False,join_total,29129054
native,FORCE_2_PHASES UNROLL,RHO,False,16,13107200.0,52428800.0,0,False,build,9786082
native,FORCE_2_PHASES UNROLL,RHO,False,16,13107200.0,52428800.0,0,False,probe,22796174
native,FORCE_2_PHASES UNROLL,RHO,False,16,13107200.0,52428800.0,0,False,throughput,1343.34
native,FORCE_2_PHASES UNROLL,RHO,False,16,13107200.0,52428800.0,0,False,total,141479794
native,FORCE_2_PHASES UNROLL,RHO,False,16,13107200.0,52428800.0,0,False,partition,112297526
native,FORCE_2_PHASES UNROLL,RHO,False,16,13107200.0,52428800.0,0,False,partition_1,50799610
native,FORCE_2_PHASES UNROLL,RHO,False,16,13107200.0,52428800.0,0,False,partition_r,16340160
native,FORCE_2_PHASES UNROLL,RHO,False,16,13107200.0,52428800.0,0,False,partition_s,34269916
native,FORCE_2_PHASES UNROLL,RHO,False,16,13107200.0,52428800.0,0,False,partition_2,61497146
native,FORCE_2_PHASES UNROLL,RHO,False,16,13107200.0,52428800.0,0,False,partition_2_h,34521818
native,FORCE_2_PHASES UNROLL,RHO,False,16,13107200.0,52428800.0,0,False,partition_2_c,33027210
native,FORCE_2_PHASES UNROLL,RHO,False,16,13107200.0,52428800.0,0,False,join_total,29181480
native,FORCE_2_PHASES UNROLL,RHO,False,16,13107200.0,52428800.0,0,False,build,8861440
native,FORCE_2_PHASES UNROLL,RHO,False,16,13107200.0,52428800.0,0,False,probe,23762818
native,FORCE_2_PHASES UNROLL,RHO,False,16,13107200.0,52428800.0,0,False,throughput,1357.19
native,FORCE_2_PHASES UNROLL,RHO,False,16,13107200.0,52428800.0,0,False,total,140036722
native,FORCE_2_PHASES UNROLL,RHO,False,16,13107200.0,52428800.0,0,False,partition,112896582
native,FORCE_2_PHASES UNROLL,RHO,False,16,13107200.0,52428800.0,0,False,partition_1,50785660
native,FORCE_2_PHASES UNROLL,RHO,False,16,13107200.0,52428800.0,0,False,partition_r,16458260
native,FORCE_2_PHASES UNROLL,RHO,False,16,13107200.0,52428800.0,0,False,partition_s,34241534
native,FORCE_2_PHASES UNROLL,RHO,False,16,13107200.0,52428800.0,0,False,partition_2,62109892
native,FORCE_2_PHASES UNROLL,RHO,False,16,13107200.0,52428800.0,0,False,partition_2_h,35439650
native,FORCE_2_PHASES UNROLL,RHO,False,16,13107200.0,52428800.0,0,False,partition_2_c,30969492
native,FORCE_2_PHASES UNROLL,RHO,False,16,13107200.0,52428800.0,0,False,join_total,27139516
native,FORCE_2_PHASES UNROLL,RHO,False,16,13107200.0,52428800.0,0,False,build,6437384
native,FORCE_2_PHASES UNROLL,RHO,False,16,13107200.0,52428800.0,0,False,probe,21912308
native,FORCE_2_PHASES UNROLL,RHO,False,16,13107200.0,52428800.0,0,False,throughput,1362.15
native,FORCE_2_PHASES UNROLL,RHO,False,16,13107200.0,52428800.0,0,False,total,139526156
native,FORCE_2_PHASES UNROLL,RHO,False,16,13107200.0,52428800.0,0,False,partition,112684748
native,FORCE_2_PHASES UNROLL,RHO,False,16,13107200.0,52428800.0,0,False,partition_1,50715160
native,FORCE_2_PHASES UNROLL,RHO,False,16,13107200.0,52428800.0,0,False,partition_r,16322076
native,FORCE_2_PHASES UNROLL,RHO,False,16,13107200.0,52428800.0,0,False,partition_s,34291554
native,FORCE_2_PHASES UNROLL,RHO,False,16,13107200.0,52428800.0,0,False,partition_2,61968820
native,FORCE_2_PHASES UNROLL,RHO,False,16,13107200.0,52428800.0,0,False,partition_2_h,35294062
native,FORCE_2_PHASES UNROLL,RHO,False,16,13107200.0,52428800.0,0,False,partition_2_c,31242178
native,FORCE_2_PHASES UNROLL,RHO,False,16,13107200.0,52428800.0,0,False,join_total,26840266
native,FORCE_2_PHASES UNROLL,RHO,False,16,13107200.0,52428800.0,0,False,build,6183338
native,FORCE_2_PHASES UNROLL,RHO,False,16,13107200.0,52428800.0,0,False,probe,21425602
native,FORCE_2_PHASES UNROLL,RHO,False,16,13107200.0,52428800.0,0,False,throughput,1472.75
native,FORCE_2_PHASES UNROLL,RHO,False,16,13107200.0,52428800.0,0,False,total,129049686
native,FORCE_2_PHASES UNROLL,RHO,False,16,13107200.0,52428800.0,0,False,partition,101421336
native,FORCE_2_PHASES UNROLL,RHO,False,16,13107200.0,52428800.0,0,False,partition_1,50671156
native,FORCE_2_PHASES UNROLL,RHO,False,16,13107200.0,52428800.0,0,False,partition_r,16316676
native,FORCE_2_PHASES UNROLL,RHO,False,16,13107200.0,52428800.0,0,False,partition_s,34228920
native,FORCE_2_PHASES UNROLL,RHO,False,16,13107200.0,52428800.0,0,False,partition_2,50749482
native,FORCE_2_PHASES UNROLL,RHO,False,16,13107200.0,52428800.0,0,False,partition_2_h,16755892
native,FORCE_2_PHASES UNROLL,RHO,False,16,13107200.0,52428800.0,0,False,partition_2_c,34042300
native,FORCE_2_PHASES UNROLL,RHO,False,16,13107200.0,52428800.0,0,False,join_total,27627364
native,FORCE_2_PHASES UNROLL,RHO,False,16,13107200.0,52428800.0,0,False,build,6582504
native,FORCE_2_PHASES UNROLL,RHO,False,16,13107200.0,52428800.0,0,False,probe,21899762
native,FORCE_2_PHASES UNROLL,RHO,False,16,13107200.0,52428800.0,0,False,throughput,1448.02
native,FORCE_2_PHASES UNROLL,RHO,False,16,13107200.0,52428800.0,0,False,total,131252152
native,FORCE_2_PHASES UNROLL,RHO,False,16,13107200.0,52428800.0,0,False,partition,101784578
native,FORCE_2_PHASES UNROLL,RHO,False,16,13107200.0,52428800.0,0,False,partition_1,50829066
native,FORCE_2_PHASES UNROLL,RHO,False,16,13107200.0,52428800.0,0,False,partition_r,16312610
native,FORCE_2_PHASES UNROLL,RHO,False,16,13107200.0,52428800.0,0,False,partition_s,34355956
native,FORCE_2_PHASES UNROLL,RHO,False,16,13107200.0,52428800.0,0,False,partition_2,50954636
native,FORCE_2_PHASES UNROLL,RHO,False,16,13107200.0,52428800.0,0,False,partition_2_h,16809866
native,FORCE_2_PHASES UNROLL,RHO,False,16,13107200.0,52428800.0,0,False,partition_2_c,34262530
native,FORCE_2_PHASES UNROLL,RHO,False,16,13107200.0,52428800.0,0,False,join_total,29466198
native,FORCE_2_PHASES UNROLL,RHO,False,16,13107200.0,52428800.0,0,False,build,8734322
native,FORCE_2_PHASES UNROLL,RHO,False,16,13107200.0,52428800.0,0,False,probe,23622958
native,FORCE_2_PHASES UNROLL,PHT,False,16,13107200.0,52428800.0,0,False,throughput,782.04
native,FORCE_2_PHASES UNROLL,PHT,False,16,13107200.0,52428800.0,0,False,total,243022968
native,FORCE_2_PHASES UNROLL,PHT,False,16,13107200.0,52428800.0,0,False,build,63562868
native,FORCE_2_PHASES UNROLL,PHT,False,16,13107200.0,52428800.0,0,False,probe,179460100
native,FORCE_2_PHASES UNROLL,PHT,False,16,13107200.0,52428800.0,0,False,throughput,783.58
native,FORCE_2_PHASES UNROLL,PHT,False,16,13107200.0,52428800.0,0,False,total,242548736
native,FORCE_2_PHASES UNROLL,PHT,False,16,13107200.0,52428800.0,0,False,build,63503074
native,FORCE_2_PHASES UNROLL,PHT,False,16,13107200.0,52428800.0,0,False,probe,179045662
native,FORCE_2_PHASES UNROLL,PHT,False,16,13107200.0,52428800.0,0,False,throughput,783.16
native,FORCE_2_PHASES UNROLL,PHT,False,16,13107200.0,52428800.0,0,False,total,242676846
native,FORCE_2_PHASES UNROLL,PHT,False,16,13107200.0,52428800.0,0,False,build,63462892
native,FORCE_2_PHASES UNROLL,PHT,False,16,13107200.0,52428800.0,0,False,probe,179213954
native,FORCE_2_PHASES UNROLL,PHT,False,16,13107200.0,52428800.0,0,False,throughput,782.52
native,FORCE_2_PHASES UNROLL,PHT,False,16,13107200.0,52428800.0,0,False,total,242875354
native,FORCE_2_PHASES UNROLL,PHT,False,16,13107200.0,52428800.0,0,False,build,63487494
native,FORCE_2_PHASES UNROLL,PHT,False,16,13107200.0,52428800.0,0,False,probe,179387860
native,FORCE_2_PHASES UNROLL,PHT,False,16,13107200.0,52428800.0,0,False,throughput,783.34
native,FORCE_2_PHASES UNROLL,PHT,False,16,13107200.0,52428800.0,0,False,total,242620168
native,FORCE_2_PHASES UNROLL,PHT,False,16,13107200.0,52428800.0,0,False,build,63437556
native,FORCE_2_PHASES UNROLL,PHT,False,16,13107200.0,52428800.0,0,False,probe,179182612
native,FORCE_2_PHASES UNROLL,PHT,False,16,13107200.0,52428800.0,0,False,throughput,782.58
native,FORCE_2_PHASES UNROLL,PHT,False,16,13107200.0,52428800.0,0,False,total,242855266
native,FORCE_2_PHASES UNROLL,PHT,False,16,13107200.0,52428800.0,0,False,build,63628610
native,FORCE_2_PHASES UNROLL,PHT,False,16,13107200.0,52428800.0,0,False,probe,179226656
native,FORCE_2_PHASES UNROLL,PHT,False,16,13107200.0,52428800.0,0,False,throughput,782.58
native,FORCE_2_PHASES UNROLL,PHT,False,16,13107200.0,52428800.0,0,False,total,242859854
native,FORCE_2_PHASES UNROLL,PHT,False,16,13107200.0,52428800.0,0,False,build,63577730
native,FORCE_2_PHASES UNROLL,PHT,False,16,13107200.0,52428800.0,0,False,probe,179282124
native,FORCE_2_PHASES UNROLL,PHT,False,16,13107200.0,52428800.0,0,False,throughput,782.16
native,FORCE_2_PHASES UNROLL,PHT,False,16,13107200.0,52428800.0,0,False,total,242988828
native,FORCE_2_PHASES UNROLL,PHT,False,16,13107200.0,52428800.0,0,False,build,63562882
native,FORCE_2_PHASES UNROLL,PHT,False,16,13107200.0,52428800.0,0,False,probe,179425946
native,FORCE_2_PHASES UNROLL,PHT,False,16,13107200.0,52428800.0,0,False,throughput,782.16
native,FORCE_2_PHASES UNROLL,PHT,False,16,13107200.0,52428800.0,0,False,total,242987824
native,FORCE_2_PHASES UNROLL,PHT,False,16,13107200.0,52428800.0,0,False,build,63414138
native,FORCE_2_PHASES UNROLL,PHT,False,16,13107200.0,52428800.0,0,False,probe,179573686
native,FORCE_2_PHASES UNROLL,PHT,False,16,13107200.0,52428800.0,0,False,throughput,783.27
native,FORCE_2_PHASES UNROLL,PHT,False,16,13107200.0,52428800.0,0,False,total,242644248
native,FORCE_2_PHASES UNROLL,PHT,False,16,13107200.0,52428800.0,0,False,build,63422164
native,FORCE_2_PHASES UNROLL,PHT,False,16,13107200.0,52428800.0,0,False,probe,179222084
sgx,FORCE_2_PHASES UNROLL,RHO,False,16,13107200.0,52428800.0,0,False,throughput,1175.79
sgx,FORCE_2_PHASES UNROLL,RHO,False,16,13107200.0,52428800.0,0,False,total,161641340
sgx,FORCE_2_PHASES UNROLL,RHO,False,16,13107200.0,52428800.0,0,False,partition,136280840
sgx,FORCE_2_PHASES UNROLL,RHO,False,16,13107200.0,52428800.0,0,False,partition_1,67281898
sgx,FORCE_2_PHASES UNROLL,RHO,False,16,13107200.0,52428800.0,0,False,partition_r,18890646
sgx,FORCE_2_PHASES UNROLL,RHO,False,16,13107200.0,52428800.0,0,False,partition_s,47930734
sgx,FORCE_2_PHASES UNROLL,RHO,False,16,13107200.0,52428800.0,0,False,partition_2,68998174
sgx,FORCE_2_PHASES UNROLL,RHO,False,16,13107200.0,52428800.0,0,False,partition_2_h,21975152
sgx,FORCE_2_PHASES UNROLL,RHO,False,16,13107200.0,52428800.0,0,False,partition_2_c,47552062
sgx,FORCE_2_PHASES UNROLL,RHO,False,16,13107200.0,52428800.0,0,False,join_total,25359824
sgx,FORCE_2_PHASES UNROLL,RHO,False,16,13107200.0,52428800.0,0,False,build,4309890
sgx,FORCE_2_PHASES UNROLL,RHO,False,16,13107200.0,52428800.0,0,False,probe,20585906
sgx,FORCE_2_PHASES UNROLL,RHO,False,16,13107200.0,52428800.0,0,False,throughput,1166.39
sgx,FORCE_2_PHASES UNROLL,RHO,False,16,13107200.0,52428800.0,0,False,total,162944564
sgx,FORCE_2_PHASES UNROLL,RHO,False,16,13107200.0,52428800.0,0,False,partition,137268812
sgx,FORCE_2_PHASES UNROLL,RHO,False,16,13107200.0,52428800.0,0,False,partition_1,67064222
sgx,FORCE_2_PHASES UNROLL,RHO,False,16,13107200.0,52428800.0,0,False,partition_r,18720752
sgx,FORCE_2_PHASES UNROLL,RHO,False,16,13107200.0,52428800.0,0,False,partition_s,47913910
sgx,FORCE_2_PHASES UNROLL,RHO,False,16,13107200.0,52428800.0,0,False,partition_2,70203582
sgx,FORCE_2_PHASES UNROLL,RHO,False,16,13107200.0,52428800.0,0,False,partition_2_h,21784704
sgx,FORCE_2_PHASES UNROLL,RHO,False,16,13107200.0,52428800.0,0,False,partition_2_c,49048956
sgx,FORCE_2_PHASES UNROLL,RHO,False,16,13107200.0,52428800.0,0,False,join_total,25674968
sgx,FORCE_2_PHASES UNROLL,RHO,False,16,13107200.0,52428800.0,0,False,build,4281702
sgx,FORCE_2_PHASES UNROLL,RHO,False,16,13107200.0,52428800.0,0,False,probe,20808796
sgx,FORCE_2_PHASES UNROLL,RHO,False,16,13107200.0,52428800.0,0,False,throughput,1166.72
sgx,FORCE_2_PHASES UNROLL,RHO,False,16,13107200.0,52428800.0,0,False,total,162898130
sgx,FORCE_2_PHASES UNROLL,RHO,False,16,13107200.0,52428800.0,0,False,partition,137199546
sgx,FORCE_2_PHASES UNROLL,RHO,False,16,13107200.0,52428800.0,0,False,partition_1,66901582
sgx,FORCE_2_PHASES UNROLL,RHO,False,16,13107200.0,52428800.0,0,False,partition_r,18233436
sgx,FORCE_2_PHASES UNROLL,RHO,False,16,13107200.0,52428800.0,0,False,partition_s,48134592
sgx,FORCE_2_PHASES UNROLL,RHO,False,16,13107200.0,52428800.0,0,False,partition_2,70296954
sgx,FORCE_2_PHASES UNROLL,RHO,False,16,13107200.0,52428800.0,0,False,partition_2_h,23700680
sgx,FORCE_2_PHASES UNROLL,RHO,False,16,13107200.0,52428800.0,0,False,partition_2_c,48677964
sgx,FORCE_2_PHASES UNROLL,RHO,False,16,13107200.0,52428800.0,0,False,join_total,25697360
sgx,FORCE_2_PHASES UNROLL,RHO,False,16,13107200.0,52428800.0,0,False,build,4185418
sgx,FORCE_2_PHASES UNROLL,RHO,False,16,13107200.0,52428800.0,0,False,probe,20937052
sgx,FORCE_2_PHASES UNROLL,RHO,False,16,13107200.0,52428800.0,0,False,throughput,1143.6
sgx,FORCE_2_PHASES UNROLL,RHO,False,16,13107200.0,52428800.0,0,False,total,166192200
sgx,FORCE_2_PHASES UNROLL,RHO,False,16,13107200.0,52428800.0,0,False,partition,140175386
sgx,FORCE_2_PHASES UNROLL,RHO,False,16,13107200.0,52428800.0,0,False,partition_1,68100128
sgx,FORCE_2_PHASES UNROLL,RHO,False,16,13107200.0,52428800.0,0,False,partition_r,19568082
sgx,FORCE_2_PHASES UNROLL,RHO,False,16,13107200.0,52428800.0,0,False,partition_s,48125536
sgx,FORCE_2_PHASES UNROLL,RHO,False,16,13107200.0,52428800.0,0,False,partition_2,72074336
sgx,FORCE_2_PHASES UNROLL,RHO,False,16,13107200.0,52428800.0,0,False,partition_2_h,25029782
sgx,FORCE_2_PHASES UNROLL,RHO,False,16,13107200.0,52428800.0,0,False,partition_2_c,48026586
sgx,FORCE_2_PHASES UNROLL,RHO,False,16,13107200.0,52428800.0,0,False,join_total,26016112
sgx,FORCE_2_PHASES UNROLL,RHO,False,16,13107200.0,52428800.0,0,False,build,4440518
sgx,FORCE_2_PHASES UNROLL,RHO,False,16,13107200.0,52428800.0,0,False,probe,21099600
sgx,FORCE_2_PHASES UNROLL,RHO,False,16,13107200.0,52428800.0,0,False,throughput,1165.33
sgx,FORCE_2_PHASES UNROLL,RHO,False,16,13107200.0,52428800.0,0,False,total,163092600
sgx,FORCE_2_PHASES UNROLL,RHO,False,16,13107200.0,52428800.0,0,False,partition,138062390
sgx,FORCE_2_PHASES UNROLL,RHO,False,16,13107200.0,52428800.0,0,False,partition_1,67027042
sgx,FORCE_2_PHASES UNROLL,RHO,False,16,13107200.0,52428800.0,0,False,partition_r,18494368
sgx,FORCE_2_PHASES UNROLL,RHO,False,16,13107200.0,52428800.0,0,False,partition_s,48107428
sgx,FORCE_2_PHASES UNROLL,RHO,False,16,13107200.0,52428800.0,0,False,partition_2,71034490
sgx,FORCE_2_PHASES UNROLL,RHO,False,16,13107200.0,52428800.0,0,False,partition_2_h,24127366
sgx,FORCE_2_PHASES UNROLL,RHO,False,16,13107200.0,52428800.0,0,False,partition_2_c,48063826
sgx,FORCE_2_PHASES UNROLL,RHO,False,16,13107200.0,52428800.0,0,False,join_total,25029320
sgx,FORCE_2_PHASES UNROLL,RHO,False,16,13107200.0,52428800.0,0,False,build,4217970
sgx,FORCE_2_PHASES UNROLL,RHO,False,16,13107200.0,52428800.0,0,False,probe,20286278
sgx,FORCE_2_PHASES UNROLL,RHO,False,16,13107200.0,52428800.0,0,False,throughput,1155.92
sgx,FORCE_2_PHASES UNROLL,RHO,False,16,13107200.0,52428800.0,0,False,total,164419230
sgx,FORCE_2_PHASES UNROLL,RHO,False,16,13107200.0,52428800.0,0,False,partition,138967018
sgx,FORCE_2_PHASES UNROLL,RHO,False,16,13107200.0,52428800.0,0,False,partition_1,68374214
sgx,FORCE_2_PHASES UNROLL,RHO,False,16,13107200.0,52428800.0,0,False,partition_r,19651302
sgx,FORCE_2_PHASES UNROLL,RHO,False,16,13107200.0,52428800.0,0,False,partition_s,48245972
sgx,FORCE_2_PHASES UNROLL,RHO,False,16,13107200.0,52428800.0,0,False,partition_2,70591722
sgx,FORCE_2_PHASES UNROLL,RHO,False,16,13107200.0,52428800.0,0,False,partition_2_h,23603510
sgx,FORCE_2_PHASES UNROLL,RHO,False,16,13107200.0,52428800.0,0,False,partition_2_c,47763396
sgx,FORCE_2_PHASES UNROLL,RHO,False,16,13107200.0,52428800.0,0,False,join_total,25450424
sgx,FORCE_2_PHASES UNROLL,RHO,False,16,13107200.0,52428800.0,0,False,build,4175670
sgx,FORCE_2_PHASES UNROLL,RHO,False,16,13107200.0,52428800.0,0,False,probe,20575292
sgx,FORCE_2_PHASES UNROLL,RHO,False,16,13107200.0,52428800.0,0,False,throughput,1161.31
sgx,FORCE_2_PHASES UNROLL,RHO,False,16,13107200.0,52428800.0,0,False,total,163657310
sgx,FORCE_2_PHASES UNROLL,RHO,False,16,13107200.0,52428800.0,0,False,partition,137872754
sgx,FORCE_2_PHASES UNROLL,RHO,False,16,13107200.0,52428800.0,0,False,partition_1,68145956
sgx,FORCE_2_PHASES UNROLL,RHO,False,16,13107200.0,52428800.0,0,False,partition_r,19135508
sgx,FORCE_2_PHASES UNROLL,RHO,False,16,13107200.0,52428800.0,0,False,partition_s,48085948
sgx,FORCE_2_PHASES UNROLL,RHO,False,16,13107200.0,52428800.0,0,False,partition_2,69725356
sgx,FORCE_2_PHASES UNROLL,RHO,False,16,13107200.0,52428800.0,0,False,partition_2_h,22393384
sgx,FORCE_2_PHASES UNROLL,RHO,False,16,13107200.0,52428800.0,0,False,partition_2_c,48571002
sgx,FORCE_2_PHASES UNROLL,RHO,False,16,13107200.0,52428800.0,0,False,join_total,25783332
sgx,FORCE_2_PHASES UNROLL,RHO,False,16,13107200.0,52428800.0,0,False,build,4514906
sgx,FORCE_2_PHASES UNROLL,RHO,False,16,13107200.0,52428800.0,0,False,probe,20692014
sgx,FORCE_2_PHASES UNROLL,RHO,False,16,13107200.0,52428800.0,0,False,throughput,1144.27
sgx,FORCE_2_PHASES UNROLL,RHO,False,16,13107200.0,52428800.0,0,False,total,166092832
sgx,FORCE_2_PHASES UNROLL,RHO,False,16,13107200.0,52428800.0,0,False,partition,140334470
sgx,FORCE_2_PHASES UNROLL,RHO,False,16,13107200.0,52428800.0,0,False,partition_1,67815832
sgx,FORCE_2_PHASES UNROLL,RHO,False,16,13107200.0,52428800.0,0,False,partition_r,18973290
sgx,FORCE_2_PHASES UNROLL,RHO,False,16,13107200.0,52428800.0,0,False,partition_s,48303140
sgx,FORCE_2_PHASES UNROLL,RHO,False,16,13107200.0,52428800.0,0,False,partition_2,72517686
sgx,FORCE_2_PHASES UNROLL,RHO,False,16,13107200.0,52428800.0,0,False,partition_2_h,24692332
sgx,FORCE_2_PHASES UNROLL,RHO,False,16,13107200.0,52428800.0,0,False,partition_2_c,47787286
sgx,FORCE_2_PHASES UNROLL,RHO,False,16,13107200.0,52428800.0,0,False,join_total,25757316
sgx,FORCE_2_PHASES UNROLL,RHO,False,16,13107200.0,52428800.0,0,False,build,4316720
sgx,FORCE_2_PHASES UNROLL,RHO,False,16,13107200.0,52428800.0,0,False,probe,20981806
sgx,FORCE_2_PHASES UNROLL,RHO,False,16,13107200.0,52428800.0,0,False,throughput,1166.89
sgx,FORCE_2_PHASES UNROLL,RHO,False,16,13107200.0,52428800.0,0,False,total,162875252
sgx,FORCE_2_PHASES UNROLL,RHO,False,16,13107200.0,52428800.0,0,False,partition,137312792
sgx,FORCE_2_PHASES UNROLL,RHO,False,16,13107200.0,52428800.0,0,False,partition_1,68269928
sgx,FORCE_2_PHASES UNROLL,RHO,False,16,13107200.0,52428800.0,0,False,partition_r,19873566
sgx,FORCE_2_PHASES UNROLL,RHO,False,16,13107200.0,52428800.0,0,False,partition_s,48021350
sgx,FORCE_2_PHASES UNROLL,RHO,False,16,13107200.0,52428800.0,0,False,partition_2,69042026
sgx,FORCE_2_PHASES UNROLL,RHO,False,16,13107200.0,52428800.0,0,False,partition_2_h,21331148
sgx,FORCE_2_PHASES UNROLL,RHO,False,16,13107200.0,52428800.0,0,False,partition_2_c,47685278
sgx,FORCE_2_PHASES UNROLL,RHO,False,16,13107200.0,52428800.0,0,False,join_total,25561302
sgx,FORCE_2_PHASES UNROLL,RHO,False,16,13107200.0,52428800.0,0,False,build,4250396
sgx,FORCE_2_PHASES UNROLL,RHO,False,16,13107200.0,52428800.0,0,False,probe,20686254
sgx,FORCE_2_PHASES UNROLL,RHO,False,16,13107200.0,52428800.0,0,False,throughput,1169.49
sgx,FORCE_2_PHASES UNROLL,RHO,False,16,13107200.0,52428800.0,0,False,total,162510568
sgx,FORCE_2_PHASES UNROLL,RHO,False,16,13107200.0,52428800.0,0,False,partition,136952474
sgx,FORCE_2_PHASES UNROLL,RHO,False,16,13107200.0,52428800.0,0,False,partition_1,67400648
sgx,FORCE_2_PHASES UNROLL,RHO,False,16,13107200.0,52428800.0,0,False,partition_r,19095926
sgx,FORCE_2_PHASES UNROLL,RHO,False,16,13107200.0,52428800.0,0,False,partition_s,48092950
sgx,FORCE_2_PHASES UNROLL,RHO,False,16,13107200.0,52428800.0,0,False,partition_2,69550752
sgx,FORCE_2_PHASES UNROLL,RHO,False,16,13107200.0,52428800.0,0,False,partition_2_h,22712958
sgx,FORCE_2_PHASES UNROLL,RHO,False,16,13107200.0,52428800.0,0,False,partition_2_c,47823778
sgx,FORCE_2_PHASES UNROLL,RHO,False,16,13107200.0,52428800.0,0,False,join_total,25557174
sgx,FORCE_2_PHASES UNROLL,RHO,False,16,13107200.0,52428800.0,0,False,build,4194586
sgx,FORCE_2_PHASES UNROLL,RHO,False,16,13107200.0,52428800.0,0,False,probe,20992566
sgx,FORCE_2_PHASES UNROLL,PHT,False,16,13107200.0,52428800.0,0,False,throughput,528.13
sgx,FORCE_2_PHASES UNROLL,PHT,False,16,13107200.0,52428800.0,0,False,total,359864224
sgx,FORCE_2_PHASES UNROLL,PHT,False,16,13107200.0,52428800.0,0,False,build,113135722
sgx,FORCE_2_PHASES UNROLL,PHT,False,16,13107200.0,52428800.0,0,False,probe,246728502
sgx,FORCE_2_PHASES UNROLL,PHT,False,16,13107200.0,52428800.0,0,False,throughput,526.95
sgx,FORCE_2_PHASES UNROLL,PHT,False,16,13107200.0,52428800.0,0,False,total,360668638
sgx,FORCE_2_PHASES UNROLL,PHT,False,16,13107200.0,52428800.0,0,False,build,113484766
sgx,FORCE_2_PHASES UNROLL,PHT,False,16,13107200.0,52428800.0,0,False,probe,247183872
sgx,FORCE_2_PHASES UNROLL,PHT,False,16,13107200.0,52428800.0,0,False,throughput,531.88
sgx,FORCE_2_PHASES UNROLL,PHT,False,16,13107200.0,52428800.0,0,False,total,357327898
sgx,FORCE_2_PHASES UNROLL,PHT,False,16,13107200.0,52428800.0,0,False,build,112758278
sgx,FORCE_2_PHASES UNROLL,PHT,False,16,13107200.0,52428800.0,0,False,probe,244569620
sgx,FORCE_2_PHASES UNROLL,PHT,False,16,13107200.0,52428800.0,0,False,throughput,528.0
sgx,FORCE_2_PHASES UNROLL,PHT,False,16,13107200.0,52428800.0,0,False,total,359955864
sgx,FORCE_2_PHASES UNROLL,PHT,False,16,13107200.0,52428800.0,0,False,build,113560022
sgx,FORCE_2_PHASES UNROLL,PHT,False,16,13107200.0,52428800.0,0,False,probe,246395842
sgx,FORCE_2_PHASES UNROLL,PHT,False,16,13107200.0,52428800.0,0,False,throughput,529.58
sgx,FORCE_2_PHASES UNROLL,PHT,False,16,13107200.0,52428800.0,0,False,total,358881560
sgx,FORCE_2_PHASES UNROLL,PHT,False,16,13107200.0,52428800.0,0,False,build,113188136
sgx,FORCE_2_PHASES UNROLL,PHT,False,16,13107200.0,52428800.0,0,False,probe,245693424
sgx,FORCE_2_PHASES UNROLL,PHT,False,16,13107200.0,52428800.0,0,False,throughput,531.09
sgx,FORCE_2_PHASES UNROLL,PHT,False,16,13107200.0,52428800.0,0,False,total,357857500
sgx,FORCE_2_PHASES UNROLL,PHT,False,16,13107200.0,52428800.0,0,False,build,112926092
sgx,FORCE_2_PHASES UNROLL,PHT,False,16,13107200.0,52428800.0,0,False,probe,244931408
sgx,FORCE_2_PHASES UNROLL,PHT,False,16,13107200.0,52428800.0,0,False,throughput,528.6
sgx,FORCE_2_PHASES UNROLL,PHT,False,16,13107200.0,52428800.0,0,False,total,359543984
sgx,FORCE_2_PHASES UNROLL,PHT,False,16,13107200.0,52428800.0,0,False,build,113008024
sgx,FORCE_2_PHASES UNROLL,PHT,False,16,13107200.0,52428800.0,0,False,probe,246535960
sgx,FORCE_2_PHASES UNROLL,PHT,False,16,13107200.0,52428800.0,0,False,throughput,527.67
sgx,FORCE_2_PHASES UNROLL,PHT,False,16,13107200.0,52428800.0,0,False,total,360179196
sgx,FORCE_2_PHASES UNROLL,PHT,False,16,13107200.0,52428800.0,0,False,build,113410644
sgx,FORCE_2_PHASES UNROLL,PHT,False,16,13107200.0,52428800.0,0,False,probe,246768552
sgx,FORCE_2_PHASES UNROLL,PHT,False,16,13107200.0,52428800.0,0,False,throughput,529.23
sgx,FORCE_2_PHASES UNROLL,PHT,False,16,13107200.0,52428800.0,0,False,total,359116544
sgx,FORCE_2_PHASES UNROLL,PHT,False,16,13107200.0,52428800.0,0,False,build,113208862
sgx,FORCE_2_PHASES UNROLL,PHT,False,16,13107200.0,52428800.0,0,False,probe,245907682
sgx,FORCE_2_PHASES UNROLL,PHT,False,16,13107200.0,52428800.0,0,False,throughput,529.25
sgx,FORCE_2_PHASES UNROLL,PHT,False,16,13107200.0,52428800.0,0,False,total,359104644
sgx,FORCE_2_PHASES UNROLL,PHT,False,16,13107200.0,52428800.0,0,False,build,113217680
sgx,FORCE_2_PHASES UNROLL,PHT,False,16,13107200.0,52428800.0,0,False,probe,245886964
